Date,Close,MA50,MA200,Regime
2020-02-25,1677.0,,,NONE
2020-02-26,1666.0,,,NONE
2020-02-27,1624.0,,,NONE
2020-02-28,1566.0,,,NONE
2020-03-02,1581.0,,,NONE
2020-03-03,1561.0,,,NONE
2020-03-04,1557.0,,,NONE
2020-03-05,1576.0,,,NONE
2020-03-06,1525.0,,,NONE
2020-03-09,1439.0,,,NONE
2020-03-10,1459.0,,,NONE
2020-03-11,1435.0,,,NONE
2020-03-12,1377.0,,,NONE
2020-03-13,1306.0,,,NONE
2020-03-16,1275.0,,,NONE
2020-03-17,1316.0,,,NONE
2020-03-18,1328.0,,,NONE
2020-03-19,1340.0,,,NONE
2020-03-23,1354.0,,,NONE
2020-03-24,1382.0,,,NONE
2020-03-25,1475.0,,,NONE
2020-03-26,1456.0,,,NONE
2020-03-27,1508.0,,,NONE
2020-03-30,1510.0,,,NONE
2020-03-31,1473.0,,,NONE
2020-04-01,1415.0,,,NONE
2020-04-02,1397.0,,,NONE
2020-04-03,1396.0,,,NONE
2020-04-06,1448.0,,,NONE
2020-04-07,1475.0,,,NONE
2020-04-08,1499.0,,,NONE
2020-04-09,1486.0,,,NONE
2020-04-10,1503.0,,,NONE
2020-04-13,1473.0,,,NONE
2020-04-14,1503.0,,,NONE
2020-04-15,1508.0,,,NONE
2020-04-16,1494.0,,,NONE
2020-04-17,1513.0,,,NONE
2020-04-20,1505.0,,,NONE
2020-04-21,1487.0,,,NONE
2020-04-22,1474.0,,,NONE
2020-04-23,1495.0,,,NONE
2020-04-24,1492.0,,,NONE
2020-04-27,1517.0,,,NONE
2020-04-28,1522.0,,,NONE
2020-04-30,1533.0,,,NONE
2020-05-01,1502.0,,,NONE
2020-05-07,1500.0,,,NONE
2020-05-08,1529.0,,,NONE
2020-05-11,1553.0,1479.7,,NONE
2020-05-12,1550.0,1477.16,,NONE
2020-05-13,1547.0,1474.78,,NONE
2020-05-14,1519.0,1472.68,,NONE
2020-05-15,1529.0,1471.94,,NONE
2020-05-18,1533.0,1470.98,,NONE
2020-05-19,1559.0,1470.94,,NONE
2020-05-20,1568.0,1471.16,,NONE
2020-05-21,1567.0,1470.98,,NONE
2020-05-22,1550.0,1471.48,,NONE
2020-05-25,1577.0,1474.24,,NONE
2020-05-26,1612.0,1477.3,,NONE
2020-05-27,1626.0,1481.12,,NONE
2020-05-28,1660.0,1486.78,,NONE
2020-05-29,1640.0,1493.46,,NONE
2020-06-01,1646.0,1500.88,,NONE
2020-06-02,1665.0,1507.86,,NONE
2020-06-03,1680.0,1514.9,,NONE
2020-06-04,1685.0,1521.8,,NONE
2020-06-05,1690.0,1528.52,,NONE
2020-06-08,1711.0,1535.1,,NONE
2020-06-09,1711.0,1539.82,,NONE
2020-06-10,1708.0,1544.86,,NONE
2020-06-11,1671.0,1548.12,,NONE
2020-06-12,1645.0,1550.82,,NONE
2020-06-15,1610.0,1553.56,,NONE
2020-06-16,1673.0,1558.72,,NONE
2020-06-17,1665.0,1564.08,,NONE
2020-06-18,1664.0,1569.44,,NONE
2020-06-19,1663.0,1573.74,,NONE
2020-06-22,1660.0,1577.44,,NONE
2020-06-23,1665.0,1580.76,,NONE
2020-06-24,1657.0,1584.18,,NONE
2020-06-25,1640.0,1586.92,,NONE
2020-06-26,1660.0,1590.66,,NONE
2020-06-29,1628.0,1593.16,,NONE
2020-06-30,1632.0,1595.64,,NONE
2020-07-01,1619.0,1598.14,,NONE
2020-07-02,1625.0,1600.38,,NONE
2020-07-03,1633.0,1602.94,,NONE
2020-07-06,1659.0,1606.38,,NONE
2020-07-07,1653.0,1609.96,,NONE
2020-07-08,1638.0,1612.82,,NONE
2020-07-09,1604.0,1615.06,,NONE
2020-07-10,1583.0,1616.38,,NONE
2020-07-13,1621.0,1618.36,,NONE
2020-07-14,1612.0,1619.94,,NONE
2020-07-15,1636.0,1622.62,,NONE
2020-07-16,1627.0,1625.16,,NONE
2020-07-17,1621.0,1627.0,,NONE
2020-07-20,1623.0,1628.4,,NONE
2020-07-21,1631.0,1630.02,,NONE
2020-07-22,1619.0,1631.46,,NONE
2020-07-27,1625.0,1633.58,,NONE
2020-07-28,1617.0,1635.34,,NONE
2020-07-29,1595.0,1636.58,,NONE
2020-07-30,1585.0,1637.1,,NONE
2020-07-31,1542.0,1636.58,,NONE
2020-08-03,1566.0,1636.56,,NONE
2020-08-04,1601.0,1637.58,,NONE
2020-08-05,1600.0,1638.04,,NONE
2020-08-06,1596.0,1637.72,,NONE
2020-08-07,1595.0,1637.1,,NONE
2020-08-11,1635.0,1636.6,,NONE
2020-08-12,1653.0,1636.86,,NONE
2020-08-13,1674.0,1637.42,,NONE
2020-08-14,1671.0,1637.54,,NONE
2020-08-17,1657.0,1637.08,,NONE
2020-08-18,1658.0,1636.54,,NONE
2020-08-19,1662.0,1635.98,,NONE
2020-08-20,1645.0,1634.66,,NONE
2020-08-21,1653.0,1633.5,,NONE
2020-08-24,1656.0,1632.46,,NONE
2020-08-25,1671.0,1632.46,,NONE
2020-08-26,1673.0,1633.02,,NONE
2020-08-27,1662.0,1634.06,,NONE
2020-08-28,1650.0,1633.6,,NONE
2020-08-31,1660.0,1633.5,,NONE
2020-09-01,1663.0,1633.48,,NONE
2020-09-02,1672.0,1633.66,,NONE
2020-09-03,1678.0,1634.02,,NONE
2020-09-04,1664.0,1634.0,,NONE
2020-09-07,1658.0,1634.02,,NONE
2020-09-08,1670.0,1634.62,,NONE
2020-09-09,1651.0,1634.44,,NONE
2020-09-10,1673.0,1635.34,,NONE
2020-09-11,1686.0,1636.42,,NONE
2020-09-14,1699.0,1638.02,,NONE
2020-09-15,1688.0,1639.28,,NONE
2020-09-16,1693.0,1640.48,,NONE
2020-09-17,1687.0,1641.04,,NONE
2020-09-18,1694.0,1641.86,,NONE
2020-09-23,1692.0,1642.94,,NONE
2020-09-24,1676.0,1644.38,,NONE
2020-09-25,1683.0,1646.38,,NONE
2020-09-28,1713.0,1648.22,,NONE
2020-09-29,1723.0,1650.44,,NONE
2020-09-30,1686.0,1651.44,,NONE
2020-10-02,1671.0,1652.32,,NONE
2020-10-05,1699.0,1653.88,,NONE
2020-10-06,1708.0,1655.58,,NONE
2020-10-07,1710.0,1657.16,,NONE
2020-10-08,1719.0,1659.16,,NONE
2020-10-09,1708.0,1660.82,,NONE
2020-10-12,1705.0,1662.58,,NONE
2020-10-13,1710.0,1664.88,,NONE
2020-10-14,1704.0,1667.26,,NONE
2020-10-15,1693.0,1670.28,,NONE
2020-10-16,1678.0,1672.52,,NONE
2020-10-19,1700.0,1674.5,,NONE
2020-10-20,1688.0,1676.26,,NONE
2020-10-21,1699.0,1678.32,,NONE
2020-10-22,1680.0,1680.02,,NONE
2020-10-23,1687.0,1681.06,,NONE
2020-10-26,1680.0,1681.6,,NONE
2020-10-27,1679.0,1681.7,,NONE
2020-10-28,1673.0,1681.74,,NONE
2020-10-29,1675.0,1682.1,,NONE
2020-10-30,1641.0,1681.76,,NONE
2020-11-02,1670.0,1681.92,,NONE
2020-11-04,1690.0,1682.82,,NONE
2020-11-05,1712.0,1684.0,,NONE
2020-11-06,1722.0,1685.32,,NONE
2020-11-09,1745.0,1686.8,,NONE
2020-11-10,1765.0,1688.64,,NONE
2020-11-11,1794.0,1691.28,,NONE
2020-11-12,1792.0,1694.12,,NONE
2020-11-13,1768.0,1696.28,,NONE
2020-11-16,1798.0,1698.98,,NONE
2020-11-17,1801.0,1701.56,,NONE
2020-11-18,1787.0,1703.74,,NONE
2020-11-19,1790.0,1706.26,,NONE
2020-11-20,1792.0,1708.94,,NONE
2020-11-24,1827.0,1712.08,,NONE
2020-11-25,1830.0,1715.66,,NONE
2020-11-26,1848.0,1719.16,,NONE
2020-11-27,1853.0,1722.5,,NONE
2020-11-30,1818.0,1724.88,,NONE
2020-12-01,1835.0,1727.82,,NONE
2020-12-02,1840.0,1730.76,,NONE
2020-12-03,1845.0,1733.92,,NONE
2020-12-04,1844.0,1736.92,,NONE
2020-12-07,1829.0,1739.66,,NONE
2020-12-08,1828.0,1742.7,,NONE
2020-12-09,1849.0,1746.02,,NONE
2020-12-10,1847.0,1748.7,,NONE
2020-12-11,1850.0,1751.24,,NONE
2020-12-14,1861.0,1754.74,,NONE
2020-12-15,1851.0,1758.34,,NONE
2020-12-16,1857.0,1761.5,,NONE
2020-12-17,1862.0,1764.58,1632.065,RANGE
2020-12-18,1863.0,1767.64,1632.995,RANGE
2020-12-21,1858.0,1770.42,1633.955,RANGE
2020-12-22,1828.0,1772.82,1634.975,RANGE
2020-12-23,1834.0,1775.4,1636.315,BULL
2020-12-24,1843.0,1778.06,1637.625,BULL
2020-12-25,1845.0,1780.88,1639.045,BULL
2020-12-28,1856.0,1784.14,1640.54,BULL
2020-12-29,1888.0,1788.34,1642.1,BULL
2020-12-30,1875.0,1791.84,1643.85,BULL
2021-01-04,1864.0,1795.36,1645.975,BULL
2021-01-05,1862.0,1798.62,1647.99,BULL
2021-01-06,1868.0,1802.38,1650.155,BULL
2021-01-07,1900.0,1806.64,1652.77,BULL
2021-01-08,1930.0,1811.64,1655.89,BULL
2021-01-12,1930.0,1816.66,1659.165,BULL
2021-01-13,1937.0,1821.94,1662.27,BULL
2021-01-14,1949.0,1827.42,1665.375,BULL
2021-01-15,1927.0,1833.14,1668.31,BULL
2021-01-18,1919.0,1838.12,1671.135,BULL
2021-01-19,1932.0,1842.96,1673.885,BULL
2021-01-20,1922.0,1847.16,1676.12,BULL
2021-01-21,1933.0,1851.38,1678.505,BULL
2021-01-22,1929.0,1855.06,1680.61,BULL
2021-01-25,1935.0,1858.46,1682.735,BULL
2021-01-26,1924.0,1861.06,1684.99,BULL
2021-01-27,1935.0,1863.92,1687.59,BULL
2021-01-28,1910.0,1866.76,1690.155,BULL
2021-01-29,1878.0,1868.36,1692.565,BULL
2021-02-01,1899.0,1870.32,1694.82,BULL
2021-02-02,1920.0,1872.98,1697.045,BULL
2021-02-03,1948.0,1876.14,1699.29,BULL
2021-02-04,1941.0,1879.12,1701.565,BULL
2021-02-05,1967.0,1881.92,1703.885,BULL
2021-02-08,2001.0,1885.34,1706.525,BULL
2021-02-09,2001.0,1888.4,1709.015,BULL
2021-02-10,2009.0,1891.52,1711.52,BULL
2021-02-12,2010.0,1895.36,1714.1,BULL
2021-02-15,2033.0,1899.32,1716.7,BULL
2021-02-16,2043.0,1903.38,1719.39,BULL
2021-02-17,2037.0,1907.22,1722.14,BULL
2021-02-18,2018.0,1910.7,1724.86,BULL
2021-02-19,2006.0,1914.24,1727.415,BULL
2021-02-22,2014.0,1917.96,1730.025,BULL
2021-02-24,1980.0,1920.58,1732.34,BULL
2021-02-25,2006.0,1923.76,1734.76,BULL
2021-02-26,1939.0,1925.54,1736.79,BULL
2021-03-01,1979.0,1927.9,1739.175,BULL
2021-03-02,1970.0,1930.28,1741.525,BULL
2021-03-03,1982.0,1932.78,1743.79,BULL
2021-03-04,1958.0,1934.7,1745.815,BULL
2021-03-05,1975.0,1936.94,1747.94,BULL
2021-03-08,1970.0,1939.18,1750.055,BULL
2021-03-09,1996.0,1942.54,1752.44,BULL
2021-03-10,1998.0,1945.82,1754.785,BULL
2021-03-11,2005.0,1949.06,1757.145,BULL
2021-03-12,2028.0,1952.72,1759.49,BULL
2021-03-15,2046.0,1956.52,1761.88,BULL
2021-03-16,2058.0,1959.92,1764.335,BULL
2021-03-17,2064.0,1963.7,1766.905,BULL
2021-03-18,2090.0,1968.22,1769.47,BULL
2021-03-19,2095.0,1972.88,1771.885,BULL
2021-03-22,2073.0,1976.98,1774.12,BULL
2021-03-23,2052.0,1980.02,1776.08,BULL
2021-03-24,2009.0,1981.6,1777.925,BULL
2021-03-25,2033.0,1983.66,1779.86,BULL
2021-03-26,2066.0,1986.24,1781.865,BULL
2021-03-29,2068.0,1988.62,1783.805,BULL
2021-03-30,2073.0,1991.54,1785.745,BULL
2021-03-31,2052.0,1994.2,1787.555,BULL
2021-04-01,2052.0,1996.6,1789.26,BULL
2021-04-02,2069.0,1999.54,1791.05,BULL
2021-04-05,2078.0,2002.44,1792.9,BULL
2021-04-06,2050.0,2004.86,1794.795,BULL
2021-04-07,2062.0,2007.4,1796.88,BULL
2021-04-08,2049.0,2009.9,1799.075,BULL
2021-04-09,2056.0,2012.32,1800.99,BULL
2021-04-12,2051.0,2015.14,1802.92,BULL
2021-04-13,2056.0,2018.7,1804.88,BULL
2021-04-14,2047.0,2021.66,1806.8,BULL
2021-04-15,2057.0,2024.4,1808.785,BULL
2021-04-16,2058.0,2026.6,1810.75,BULL
2021-04-19,2053.0,2028.84,1812.73,BULL
2021-04-20,2019.0,2029.88,1814.625,BULL
2021-04-21,1980.0,2029.46,1816.225,BULL
2021-04-22,2016.0,2029.76,1818.165,BULL
2021-04-23,2007.0,2029.72,1820.04,BULL
2021-04-26,2012.0,2029.76,1822.005,BULL
2021-04-27,1998.0,2029.06,1823.87,BULL
2021-04-28,2000.0,2028.2,1825.705,BULL
2021-04-30,1993.0,2027.32,1827.375,BULL
2021-05-06,2024.0,2027.44,1829.23,BULL
2021-05-07,2029.0,2027.9,1831.185,BULL
2021-05-10,2049.0,2028.6,1833.41,BULL
2021-05-11,2001.0,2029.02,1835.5,BULL
2021-05-12,1969.0,2028.28,1837.24,BULL
2021-05-13,1943.0,2028.36,1838.895,BULL
2021-05-14,1978.0,2028.34,1840.605,BULL
2021-05-17,1970.0,2028.34,1842.32,BULL
2021-05-18,2002.0,2028.74,1844.225,BULL
2021-05-19,1990.0,2029.38,1846.06,BULL
2021-05-20,1989.0,2029.66,1847.85,BULL
2021-05-21,1999.0,2030.24,1849.75,BULL
2021-05-24,2009.0,2030.5,1851.67,BULL
2021-05-25,2016.0,2030.86,1853.665,BULL
2021-05-26,2018.0,2031.12,1855.78,BULL
2021-05-27,2005.0,2030.66,1857.88,BULL
2021-05-28,2043.0,2030.6,1860.385,BULL
2021-05-31,2018.0,2029.8,1862.645,BULL
2021-06-01,2021.0,2028.94,1864.745,BULL
2021-06-02,2037.0,2027.88,1866.93,BULL
2021-06-03,2053.0,2027.04,1869.215,BULL
2021-06-04,2056.0,2026.7,1871.52,BULL
2021-06-07,2056.0,2026.78,1873.625,BULL
2021-06-08,2061.0,2027.82,1875.665,BULL
2021-06-09,2052.0,2028.2,1877.555,BULL
2021-06-10,2055.0,2027.98,1879.475,BULL
2021-06-11,2052.0,2027.66,1881.45,BULL
2021-06-14,2056.0,2027.32,1883.44,BULL
2021-06-15,2075.0,2027.78,1885.505,BULL
2021-06-16,2075.0,2028.24,1887.655,BULL
2021-06-17,2063.0,2028.12,1889.705,BULL
2021-06-18,2041.0,2027.38,1891.63,BULL
2021-06-21,1995.0,2026.28,1893.25,BULL
2021-06-22,2056.0,2026.16,1895.165,BULL
2021-06-23,2048.0,2026.14,1897.095,BULL
2021-06-24,2041.0,2025.84,1899.05,BULL
2021-06-25,2058.0,2025.98,1901.04,BULL
2021-06-28,2061.0,2026.08,1903.03,BULL
2021-06-29,2048.0,2026.1,1904.91,BULL
2021-06-30,2040.0,2025.76,1906.72,BULL
2021-07-01,2038.0,2025.36,1908.59,BULL
2021-07-02,2057.0,2025.44,1910.585,BULL
2021-07-05,2050.0,2026.06,1912.485,BULL
2021-07-06,2056.0,2027.58,1914.51,BULL
2021-07-07,2038.0,2028.02,1916.335,BULL
2021-07-08,1982.0,2027.52,1917.815,BULL
2021-07-09,1983.0,2026.94,1919.235,BULL
2021-07-12,2016.0,2027.3,1920.875,BULL
2021-07-13,2029.0,2027.88,1922.555,BULL
2021-07-14,2024.0,2028.5,1924.24,BULL
2021-07-15,2002.0,2028.06,1925.78,BULL
2021-07-16,1996.0,2027.4,1927.3,BULL
2021-07-19,1967.0,2025.76,1928.755,BULL
2021-07-20,1950.0,2024.74,1930.09,BULL
2021-07-21,1966.0,2024.68,1931.355,BULL
2021-07-26,1987.0,2025.56,1932.675,BULL
2021-07-27,1998.0,2025.96,1934.235,BULL
2021-07-28,1980.0,2026.16,1935.78,BULL
2021-07-29,1986.0,2025.84,1937.215,BULL
2021-07-30,1962.0,2025.28,1938.485,BULL
2021-08-02,2002.0,2025.54,1939.945,BULL
2021-08-03,1993.0,2025.42,1941.315,BULL
2021-08-04,1983.0,2024.9,1942.69,BULL
2021-08-05,1988.0,2024.34,1944.105,BULL
2021-08-06,1992.0,2023.82,1945.515,BULL
2021-08-10,1996.0,2023.64,1946.975,BULL
2021-08-11,2015.0,2023.08,1948.585,BULL
2021-08-12,2014.0,2023.0,1950.265,BULL
2021-08-13,2017.0,2022.92,1951.85,BULL
2021-08-16,1988.0,2021.94,1953.35,BULL
2021-08-17,1975.0,2020.38,1954.73,BULL
2021-08-18,1985.0,2018.96,1956.255,BULL
2021-08-19,1959.0,2017.02,1957.615,BULL
2021-08-20,1939.0,2014.58,1958.91,RANGE
2021-08-23,1975.0,2013.04,1960.39,RANGE
2021-08-24,1996.0,2011.86,1962.005,RANGE
2021-08-25,1997.0,2010.76,1963.615,RANGE
2021-08-26,1995.0,2009.54,1965.385,RANGE
2021-08-27,1989.0,2007.82,1966.98,BULL
2021-08-30,2013.0,2006.58,1968.595,BULL
2021-08-31,2024.0,2005.8,1970.155,BULL
2021-09-01,2042.0,2005.82,1971.755,BULL
2021-09-02,2043.0,2006.78,1973.245,BULL
2021-09-03,2081.0,2007.28,1974.825,BULL
2021-09-06,2106.0,2008.44,1976.385,BULL
2021-09-07,2127.0,2010.16,1978.06,BULL
2021-09-08,2147.0,2011.94,1979.955,BULL
2021-09-09,2129.0,2013.3,1981.61,BULL
2021-09-10,2157.0,2015.48,1983.39,BULL
2021-09-13,2162.0,2017.92,1985.265,BULL
2021-09-14,2184.0,2020.84,1987.235,BULL
2021-09-15,2163.0,2022.96,1989.09,BULL
2021-09-16,2157.0,2025.1,1990.74,BULL
2021-09-17,2164.0,2027.26,1992.41,BULL
2021-09-21,2129.0,2029.08,1993.815,BULL
2021-09-22,2111.0,2031.66,1995.105,BULL
2021-09-24,2159.0,2035.18,1996.81,BULL
2021-09-27,2156.0,2037.98,1998.415,BULL
2021-09-28,2145.0,2040.3,1999.94,BULL
2021-09-29,2121.0,2042.24,2001.32,BULL
2021-09-30,2115.0,2044.5,2002.675,BULL
2021-10-01,2064.0,2045.86,2003.85,BULL
2021-10-04,2055.0,2047.62,2004.985,BULL
2021-10-05,2025.0,2049.12,2005.865,BULL
2021-10-06,2018.0,2050.16,2006.72,BULL
2021-10-07,2015.0,2050.72,2007.545,BULL
2021-10-08,2041.0,2051.58,2008.445,BULL
2021-10-11,2078.0,2053.54,2009.58,BULL
2021-10-12,2060.0,2055.02,2010.595,BULL
2021-10-13,2051.0,2056.8,2011.54,BULL
2021-10-14,2066.0,2058.08,2012.555,BULL
2021-10-15,2103.0,2060.28,2013.78,BULL
2021-10-18,2101.0,2062.64,2015.145,BULL
2021-10-19,2106.0,2065.0,2016.505,BULL
2021-10-20,2109.0,2067.34,2017.835,BULL
2021-10-21,2079.0,2069.0,2019.005,BULL
2021-10-22,2082.0,2070.34,2020.135,BULL
2021-10-25,2076.0,2071.58,2021.075,BULL
2021-10-26,2098.0,2073.2,2022.19,BULL
2021-10-27,2093.0,2075.3,2023.335,BULL
2021-10-28,2079.0,2077.38,2024.42,BULL
2021-10-29,2082.0,2079.32,2025.49,BULL
2021-11-01,2126.0,2082.66,2026.62,BULL
2021-11-02,2113.0,2086.14,2027.535,BULL
2021-11-04,2136.0,2089.36,2028.565,BULL
2021-11-05,2121.0,2091.86,2029.485,BULL
2021-11-08,2119.0,2094.3,2030.335,BULL
2021-11-09,2102.0,2096.44,2031.21,BULL
2021-11-10,2087.0,2098.4,2032.05,BULL
2021-11-11,2095.0,2100.04,2032.865,BULL
2021-11-12,2124.0,2102.04,2033.875,BULL
2021-11-15,2131.0,2103.82,2034.865,BULL
2021-11-16,2134.0,2105.64,2035.89,BULL
2021-11-17,2120.0,2106.42,2036.815,BULL
2021-11-18,2115.0,2106.6,2037.77,BULL
2021-11-19,2126.0,2106.58,2038.725,BULL
2021-11-22,2126.0,2106.16,2039.805,BULL
2021-11-24,2098.0,2105.54,2040.905,BULL
2021-11-25,2107.0,2104.54,2041.945,BULL
2021-11-26,2066.0,2102.62,2042.675,BULL
2021-11-29,2028.5,2099.51,2043.0775,RANGE
2021-11-30,2008.0,2096.41,2043.4125,RANGE
2021-12-01,2013.0,2093.53,2043.6425,RANGE
2021-12-02,2003.0,2090.31,2043.6525,RANGE
2021-12-03,2037.0,2088.47,2043.8325,RANGE
2021-12-06,2025.0,2086.75,2043.9125,RANGE
2021-12-07,2071.5,2085.0,2044.22,RANGE
2021-12-08,2083.5,2083.55,2044.4725,RANGE
2021-12-09,2069.5,2082.04,2044.605,RANGE
2021-12-10,2053.5,2080.69,2044.6875,RANGE
2021-12-13,2056.5,2079.52,2044.88,BULL
2021-12-14,2052.0,2079.28,2045.11,BULL
2021-12-15,2061.5,2079.41,2045.3475,BULL
2021-12-16,2094.0,2080.79,2045.9175,BULL
2021-12-17,2064.5,2081.72,2046.21,BULL
2021-12-20,2019.0,2081.8,2046.61,RANGE
2021-12-21,2051.0,2082.0,2046.97,RANGE
2021-12-22,2049.0,2081.42,2047.365,RANGE
2021-12-23,2068.5,2081.59,2047.7975,RANGE
2021-12-24,2067.0,2081.91,2048.3425,RANGE
2021-12-27,2056.5,2081.72,2048.75,BULL
2021-12-28,2084.0,2081.34,2049.32,BULL
2021-12-29,2082.0,2080.96,2049.75,BULL
2021-12-30,2073.5,2080.31,2050.1275,BULL
2022-01-04,2122.0,2080.57,2050.7125,BULL
2022-01-05,2125.0,2081.49,2051.1975,BULL
2022-01-06,2082.0,2081.49,2051.3775,BULL
2022-01-07,2078.0,2081.53,2051.4775,BULL
2022-01-11,2072.0,2081.01,2051.5175,BULL
2022-01-12,2102.5,2081.2,2051.58,BULL
2022-01-13,2088.0,2081.38,2051.545,BULL
2022-01-14,2060.5,2080.95,2051.4825,BULL
2022-01-17,2069.5,2079.82,2051.57,BULL
2022-01-18,2061.0,2078.78,2051.83,BULL
2022-01-19,2000.0,2076.06,2051.665,RANGE
2022-01-20,2019.0,2074.02,2051.43,RANGE
2022-01-21,2005.0,2071.74,2051.115,RANGE
2022-01-24,2008.0,2069.86,2050.79,RANGE
2022-01-25,1973.5,2067.59,2050.3975,RANGE
2022-01-26,1968.0,2065.05,2049.9775,RANGE
2022-01-27,1917.0,2060.91,2049.2175,RANGE
2022-01-28,1956.0,2057.41,2048.6075,RANGE
2022-01-31,1973.5,2054.2,2048.225,RANGE
2022-02-01,1976.0,2051.32,2047.795,RANGE
2022-02-02,2015.0,2049.32,2047.625,RANGE
2022-02-03,2000.0,2046.8,2047.345,RANGE
2022-02-04,2012.0,2044.52,2047.15,RANGE
2022-02-07,2006.5,2042.69,2046.9025,RANGE
2022-02-08,2017.5,2040.9,2046.755,RANGE
2022-02-09,2033.5,2040.25,2046.6375,BEAR
2022-02-10,2045.0,2040.58,2046.5725,BEAR
2022-02-14,2011.0,2040.64,2046.3625,BEAR
2022-02-15,1993.0,2040.24,2046.2325,BEAR
2022-02-16,2027.0,2040.72,2046.4675,BEAR
2022-02-17,2010.0,2040.18,2046.4375,BEAR
2022-02-18,2003.5,2039.75,2046.42,BEAR
2022-02-21,1990.5,2038.13,2046.3125,BEAR
2022-02-22,1962.0,2035.7,2046.1325,BEAR
2022-02-24,1934.5,2033.0,2045.805,BEAR
2022-02-25,1957.0,2031.07,2045.625,BEAR
2022-02-28,1967.0,2029.28,2045.34,BEAR
2022-03-01,1977.5,2027.79,2045.0825,BEAR
2022-03-02,1938.5,2025.33,2044.53,BEAR
2022-03-03,1958.5,2022.62,2044.3175,BEAR
2022-03-04,1920.5,2019.74,2044.075,BEAR
2022-03-07,1869.0,2016.74,2043.705,BEAR
2022-03-08,1835.0,2012.42,2042.99,BEAR
2022-03-09,1832.0,2008.08,2042.3,BEAR
2022-03-10,1904.5,2004.8,2041.8125,BEAR
2022-03-11,1878.5,2001.03,2041.255,BEAR
2022-03-14,1887.0,1997.64,2040.745,BEAR
2022-03-15,1905.5,1994.07,2040.2775,BEAR
2022-03-16,1930.5,1991.04,2039.885,BEAR
2022-03-17,1981.0,1989.19,2039.71,BEAR
2022-03-18,1989.5,1986.54,2039.5675,BEAR
2022-03-22,2011.5,1984.27,2039.6,BEAR
2022-03-23,2059.5,1983.82,2039.6825,RANGE
2022-03-24,2066.0,1983.58,2039.9225,RANGE
2022-03-25,2065.0,1983.44,2040.1425,RANGE
2022-03-28,2055.0,1982.49,2040.2325,RANGE
2022-03-29,2073.5,1982.2,2040.335,RANGE
2022-03-30,2073.0,1982.45,2040.42,RANGE
2022-03-31,2049.0,1982.04,2040.385,RANGE
2022-04-01,2047.5,1981.77,2040.3175,RANGE
2022-04-04,2058.5,1982.94,2040.35,RANGE
2022-04-05,2054.0,1983.64,2040.345,RANGE
2022-04-06,2023.5,1984.01,2040.2025,RANGE
2022-04-07,1992.5,1983.7,2039.885,RANGE
2022-04-08,1996.0,1984.15,2039.49,RANGE
2022-04-11,1990.0,1984.59,2039.065,RANGE
2022-04-12,1962.5,1985.5,2038.5625,BEAR
2022-04-13,1990.0,1986.18,2038.3075,BEAR
2022-04-14,2011.0,1986.93,2038.3875,BEAR
2022-04-15,1997.5,1987.36,2038.095,BEAR
2022-04-18,1978.5,1986.63,2037.7475,BEAR
2022-04-19,1997.5,1986.58,2037.53,BEAR
2022-04-20,2018.5,1986.71,2037.3325,BEAR
2022-04-21,2030.0,1987.18,2037.1775,BEAR
2022-04-22,2006.5,1986.96,2036.97,BEAR
2022-04-25,1976.0,1985.81,2036.65,BEAR
2022-04-26,1981.5,1984.54,2036.3675,BEAR
2022-04-27,1962.0,1983.56,2035.8925,BEAR
2022-04-28,2000.0,1983.7,2035.6425,BEAR
2022-05-02,1998.0,1983.12,2035.3525,BEAR
2022-05-06,2017.5,1983.27,2035.25,BEAR
2022-05-09,1978.0,1982.76,2035.23,BEAR
2022-05-10,1964.0,1982.23,2035.135,BEAR
2022-05-11,1950.5,1982.0,2034.8075,BEAR
2022-05-12,1930.0,1981.91,2034.3125,BEAR
2022-05-13,1967.5,1982.12,2034.03,BEAR
2022-05-16,1967.0,1982.12,2033.855,BEAR
2022-05-17,1969.5,1981.96,2033.7225,BEAR
2022-05-18,1989.0,1982.97,2033.8325,BEAR
2022-05-19,1962.5,1983.05,2033.895,BEAR
2022-05-20,1979.5,1984.23,2033.9625,BEAR
2022-05-23,1999.0,1986.83,2034.0225,BEAR
2022-05-24,1982.5,1989.78,2033.945,BEAR
2022-05-25,1978.5,1992.71,2033.9375,BEAR
2022-05-26,1980.0,1994.22,2033.9075,BEAR
2022-05-27,1990.5,1996.46,2034.05,BEAR
2022-05-30,2025.5,1999.23,2034.1675,BEAR
2022-05-31,2015.0,2001.42,2034.2775,BEAR
2022-06-01,2044.5,2003.7,2034.585,RANGE
2022-06-02,2031.5,2004.71,2034.8025,RANGE
2022-06-03,2038.5,2005.69,2035.035,RANGE
2022-06-06,2044.0,2006.34,2035.275,RANGE
2022-06-07,2051.0,2006.17,2035.455,RANGE
2022-06-08,2076.5,2006.38,2035.7675,RANGE
2022-06-09,2075.0,2006.58,2036.0575,RANGE
2022-06-10,2047.0,2006.42,2036.3525,RANGE
2022-06-13,2003.5,2005.02,2036.495,RANGE
2022-06-14,1979.5,2003.15,2036.4675,RANGE
2022-06-15,1954.0,2001.25,2036.4425,RANGE
2022-06-16,1968.5,1999.67,2036.59,RANGE
2022-06-17,1934.0,1997.18,2036.385,BEAR
2022-06-20,1919.0,1994.48,2036.0,BEAR
2022-06-21,1956.0,1993.13,2035.795,BEAR
2022-06-22,1952.5,1992.33,2035.5825,BEAR
2022-06-23,1952.5,1991.46,2035.4,BEAR
2022-06-24,1968.0,1991.02,2035.175,BEAR
2022-06-27,1991.5,1991.6,2035.0125,BEAR
2022-06-28,2009.5,1991.99,2034.85,BEAR
2022-06-29,1995.5,1991.68,2034.6125,BEAR
2022-06-30,1974.5,1991.22,2034.08,BEAR
2022-07-01,1946.5,1990.58,2033.2825,BEAR
2022-07-04,1974.0,1990.11,2032.5175,BEAR
2022-07-05,1983.5,1989.41,2031.7,BEAR
2022-07-06,1959.5,1988.0,2030.8525,BEAR
2022-07-07,1940.0,1986.67,2029.7675,BEAR
2022-07-08,1946.5,1986.08,2028.69,BEAR
2022-07-11,1975.5,1985.96,2027.6475,BEAR
2022-07-12,1942.0,1985.56,2026.5425,BEAR
2022-07-13,1949.0,1984.54,2025.5025,BEAR
2022-07-14,1950.5,1983.59,2024.435,BEAR
2022-07-15,1949.5,1982.23,2023.5375,BEAR
2022-07-19,1962.0,1981.91,2022.7925,BEAR
2022-07-20,2005.0,1982.73,2022.0225,BEAR
2022-07-21,2009.5,1983.91,2021.29,BEAR
2022-07-22,2015.5,1985.62,2020.6425,BEAR
2022-07-25,2001.0,1986.29,2020.0425,BEAR
2022-07-26,2001.5,1986.98,2019.475,BEAR
2022-07-27,2005.0,1987.69,2019.18,BEAR
2022-07-28,2007.0,1988.05,2018.94,BEAR
2022-07-29,1998.5,1988.77,2018.8075,BEAR
2022-08-01,2019.0,1989.56,2018.8125,RANGE
2022-08-02,1987.0,1989.32,2018.6725,RANGE
2022-08-03,1988.5,1989.44,2018.41,RANGE
2022-08-04,1989.5,1989.66,2017.9675,RANGE
2022-08-05,2008.0,1990.22,2017.7075,RANGE
2022-08-08,2010.5,1990.62,2017.505,BEAR
2022-08-09,1998.0,1990.07,2017.165,BEAR
2022-08-10,1992.0,1989.61,2016.61,BEAR
2022-08-12,2035.0,1989.42,2016.28,RANGE
2022-08-15,2047.0,1989.73,2015.985,RANGE
2022-08-16,2042.5,1989.81,2015.6525,RANGE
2022-08-17,2067.5,1990.28,2015.595,RANGE
2022-08-18,2052.0,1990.3,2015.445,RANGE
2022-08-19,2055.5,1989.88,2015.3425,RANGE
2022-08-22,2053.5,1989.45,2015.12,RANGE
2022-08-23,2031.5,1989.14,2014.8125,RANGE
2022-08-24,2027.5,1989.62,2014.555,RANGE
2022-08-25,2036.5,1990.76,2014.3275,RANGE
2022-08-26,2041.0,1992.5,2013.9025,RANGE
2022-08-29,2003.5,1993.2,2013.355,RANGE
2022-08-30,2031.0,1995.14,2012.83,RANGE
2022-08-31,2044.0,1997.64,2012.445,RANGE
2022-09-01,1996.5,1998.45,2011.8325,RANGE
2022-09-02,1991.5,1999.23,2011.28,RANGE
2022-09-05,1988.0,1999.94,2010.785,RANGE
2022-09-06,1988.0,2000.34,2010.25,RANGE
2022-09-07,1977.5,2000.06,2009.5175,BEAR
2022-09-08,2019.5,2000.26,2008.96,RANGE
2022-09-09,2029.0,2000.93,2008.435,RANGE
2022-09-12,2042.0,2002.28,2008.045,RANGE
2022-09-13,2047.5,2004.3,2007.7075,RANGE
2022-09-14,2008.0,2004.98,2007.1175,RANGE
2022-09-15,2009.5,2005.5,2006.535,RANGE
2022-09-16,1998.5,2006.28,2006.0375,RANGE
2022-09-20,2009.0,2007.66,2005.5475,RANGE
2022-09-21,1983.5,2008.4,2005.135,RANGE
2022-09-22,1976.5,2008.42,2004.875,RANGE
2022-09-26,1925.5,2008.09,2004.4625,RANGE
2022-09-27,1931.0,2007.73,2004.0525,RANGE
2022-09-28,1912.0,2006.96,2003.5975,RANGE
2022-09-29,1951.0,2006.99,2003.1675,RANGE
2022-09-30,1911.5,2005.98,2002.6,RANGE
2022-10-03,1925.5,2004.39,2001.87,RANGE
2022-10-04,1987.0,2003.94,2001.3875,RANGE
2022-10-05,1994.0,2003.51,2001.01,RANGE
2022-10-06,2002.0,2003.53,2000.7525,RANGE
2022-10-07,1989.0,2003.28,2000.415,RANGE
2022-10-11,1951.0,2002.2,1999.91,RANGE
2022-10-12,1948.0,2001.02,1999.3425,RANGE
2022-10-13,1934.0,1999.73,1998.5425,RANGE
2022-10-14,1977.0,1998.89,1998.105,RANGE
2022-10-17,1959.5,1998.34,1997.8075,RANGE
2022-10-18,1981.0,1998.19,1997.4575,RANGE
2022-10-19,1986.0,1998.12,1997.1425,RANGE
2022-10-20,1977.0,1997.5,1996.685,RANGE
2022-10-21,1962.5,1996.54,1996.1625,RANGE
2022-10-24,1968.0,1995.94,1995.72,RANGE
2022-10-25,1987.0,1995.84,1995.235,RANGE
2022-10-26,1997.5,1995.09,1994.8125,RANGE
2022-10-27,1986.5,1993.88,1994.3775,RANGE
2022-10-28,1976.5,1992.56,1993.65,RANGE
2022-10-31,2007.0,1991.35,1993.06,RANGE
2022-11-01,2020.0,1990.71,1992.75,RANGE
2022-11-02,2020.0,1990.0,1992.46,RANGE
2022-11-04,1994.0,1988.81,1992.07,RANGE
2022-11-07,2013.5,1988.45,1991.625,RANGE
2022-11-08,2041.0,1988.72,1991.39,RANGE
2022-11-09,2031.0,1988.61,1991.2425,RANGE
2022-11-10,2019.5,1988.18,1990.9925,RANGE
2022-11-11,2061.5,1989.34,1990.995,RANGE
2022-11-14,2048.0,1989.68,1991.235,RANGE
2022-11-15,2047.0,1989.74,1991.375,RANGE
2022-11-16,2049.0,1990.79,1991.595,RANGE
2022-11-17,2052.5,1992.01,1991.8175,RANGE
2022-11-18,2050.5,1993.26,1992.2025,RANGE
2022-11-21,2056.5,1994.63,1992.645,RANGE
2022-11-22,2080.0,1996.68,1993.46,RANGE
2022-11-24,2103.0,1998.35,1994.195,BULL
2022-11-25,2104.5,1999.86,1994.85,BULL
2022-11-28,2089.0,2000.8,1995.415,BULL
2022-11-29,2076.5,2001.38,1995.7225,BULL
2022-11-30,2066.5,2002.55,1996.055,BULL
2022-12-01,2071.5,2003.79,1996.3525,BULL
2022-12-02,2035.0,2004.52,1996.495,BULL
2022-12-05,2029.0,2004.92,1996.5525,BULL
2022-12-06,2030.5,2005.86,1996.5375,BULL
2022-12-07,2031.5,2006.96,1996.47,BULL
2022-12-08,2022.0,2008.89,1996.525,BULL
2022-12-09,2044.5,2011.16,1996.7825,BULL
2022-12-12,2038.5,2013.69,1996.84,BULL
2022-12-13,2048.5,2015.64,1997.0325,BULL
2022-12-14,2060.5,2018.62,1997.3175,BULL
2022-12-15,2055.5,2021.22,1997.6425,BULL
2022-12-16,2032.0,2022.12,1997.9925,BULL
2022-12-19,2017.0,2022.58,1998.405,BULL
2022-12-20,1990.5,2022.35,1998.5725,RANGE
2022-12-21,1970.5,2021.98,1998.59,RANGE
2022-12-22,1989.5,2022.75,1998.65,RANGE
2022-12-23,1978.0,2023.35,1998.8475,RANGE
2022-12-26,1981.5,2024.3,1998.9625,RANGE
2022-12-27,1992.5,2024.61,1999.3225,RANGE
2022-12-28,1988.5,2025.19,1999.92,RANGE
2022-12-29,1977.0,2025.11,2000.63,RANGE
2022-12-30,1974.5,2024.88,2001.3425,RANGE
2023-01-04,1950.5,2024.35,2001.5725,RANGE
2023-01-05,1951.5,2024.13,2001.9375,RANGE
2023-01-06,1958.5,2023.94,2002.295,RANGE
2023-01-10,1962.0,2023.44,2002.5775,RANGE
2023-01-11,1983.0,2023.15,2002.84,RANGE
2023-01-12,1992.5,2023.27,2002.8975,RANGE
2023-01-13,1984.5,2023.43,2002.8725,RANGE
2023-01-16,1967.5,2022.64,2002.6525,RANGE
2023-01-17,1986.5,2021.97,2002.2875,RANGE
2023-01-18,2020.0,2021.97,2002.0575,RANGE
2023-01-19,2001.0,2022.11,2001.7375,RANGE
2023-01-20,2011.5,2022.07,2001.52,RANGE
2023-01-23,2030.5,2021.86,2001.305,RANGE
2023-01-24,2058.5,2022.41,2001.2325,RANGE
2023-01-25,2068.0,2023.38,2001.3275,RANGE
2023-01-26,2063.5,2023.42,2001.4075,BULL
2023-01-27,2069.0,2023.84,2001.46,BULL
2023-01-30,2068.5,2024.27,2001.5325,BULL
2023-01-31,2062.0,2024.53,2001.725,BULL
2023-02-01,2058.5,2024.65,2002.055,BULL
2023-02-02,2050.0,2024.64,2002.325,BULL
2023-02-03,2055.5,2024.62,2002.6525,BULL
2023-02-06,2066.0,2024.34,2003.17,BULL
2023-02-07,2070.5,2023.69,2003.5725,BULL
2023-02-08,2070.0,2023.0,2003.8675,BULL
2023-02-09,2071.0,2022.64,2004.235,BULL
2023-02-10,2072.5,2022.56,2004.705,BULL
2023-02-13,2062.5,2022.48,2005.03,BULL
2023-02-14,2081.0,2022.67,2005.3425,BULL
2023-02-15,2073.5,2023.44,2005.56,BULL
2023-02-16,2089.5,2024.65,2005.975,BULL
2023-02-17,2079.0,2025.62,2006.49,BULL
2023-02-20,2087.0,2026.73,2007.0175,BULL
2023-02-21,2083.0,2027.95,2007.6225,BULL
2023-02-22,2063.5,2028.33,2007.94,BULL
2023-02-24,2075.0,2029.06,2008.325,BULL
2023-02-27,2081.5,2029.72,2008.645,BULL
2023-02-28,2080.0,2030.11,2009.155,BULL
2023-03-01,2086.5,2030.73,2009.7675,BULL
2023-03-02,2082.0,2031.73,2010.425,BULL
2023-03-03,2108.0,2033.55,2011.315,BULL
2023-03-06,2126.0,2036.26,2012.1075,BULL
2023-03-07,2135.5,2039.56,2012.95,BULL
2023-03-08,2142.5,2042.62,2013.815,BULL
2023-03-09,2162.0,2046.3,2014.68,BULL
2023-03-10,2121.0,2049.09,2015.4725,BULL
2023-03-13,2088.0,2051.0,2016.015,BULL
2023-03-14,2032.5,2051.88,2016.1825,BULL
2023-03-15,2045.5,2053.25,2016.4975,BULL
2023-03-16,2023.5,2054.23,2016.7225,BULL
2023-03-17,2047.0,2056.16,2017.0575,BULL
2023-03-20,2016.5,2057.46,2017.1875,RANGE
2023-03-22,2049.5,2059.28,2017.3075,RANGE
2023-03-23,2045.5,2060.95,2017.46,RANGE
2023-03-24,2043.0,2062.15,2017.4525,RANGE
2023-03-27,2050.0,2063.3,2017.545,RANGE
2023-03-28,2055.5,2064.72,2017.63,BULL
2023-03-29,2084.0,2067.05,2017.83,BULL
2023-03-30,2094.0,2069.2,2018.045,BULL
2023-03-31,2119.0,2071.18,2018.2575,BULL
2023-04-03,2132.0,2073.8,2018.5425,BULL
2023-04-04,2137.0,2076.31,2018.9925,BULL
2023-04-05,2094.5,2077.59,2019.4475,BULL
2023-04-06,2071.5,2077.85,2019.9075,BULL
2023-04-07,2075.5,2078.0,2020.515,BULL
2023-04-10,2087.5,2078.48,2021.11,BULL
2023-04-11,2105.0,2079.2,2021.965,BULL
2023-04-12,2120.5,2080.24,2022.9725,BULL
2023-04-13,2122.5,2081.45,2023.805,BULL
2023-04-14,2133.0,2082.94,2024.7075,BULL
2023-04-17,2142.0,2084.78,2025.655,BULL
2023-04-18,2157.0,2086.81,2026.6,BULL
2023-04-19,2154.5,2088.58,2027.415,BULL
2023-04-20,2153.5,2090.24,2028.135,BULL
2023-04-21,2149.5,2091.83,2028.905,BULL
2023-04-24,2151.5,2093.44,2029.79,BULL
2023-04-25,2158.5,2095.16,2030.85,BULL
2023-04-26,2137.5,2096.66,2031.6675,BULL
2023-04-27,2145.5,2097.95,2032.4775,BULL
2023-04-28,2174.5,2099.97,2033.5525,BULL
2023-05-01,2195.0,2102.08,2034.8275,BULL
2023-05-02,2192.5,2104.35,2036.0575,BULL
2023-05-08,2188.5,2106.38,2037.1225,BULL
2023-05-09,2215.5,2109.03,2038.49,BULL
2023-05-10,2204.0,2111.84,2039.765,BULL
2023-05-11,2200.0,2114.34,2041.0125,BULL
2023-05-12,2216.5,2117.04,2042.3475,BULL
2023-05-15,2235.5,2120.15,2043.715,BULL
2023-05-16,2249.5,2123.41,2044.9375,BULL
2023-05-17,2256.5,2126.9,2046.1725,BULL
2023-05-18,2284.0,2130.42,2047.515,BULL
2023-05-19,2285.5,2133.61,2048.9375,BULL
2023-05-22,2299.0,2136.88,2050.425,BULL
2023-05-23,2287.0,2139.77,2051.835,BULL
2023-05-24,2274.0,2142.01,2053.17,BULL
2023-05-25,2267.5,2144.94,2054.515,BULL
2023-05-26,2267.5,2148.53,2055.7575,BULL
2023-05-29,2285.0,2153.58,2057.2475,BULL
2023-05-30,2281.5,2158.3,2058.7125,BULL
2023-05-31,2250.5,2162.84,2060.0175,BULL
2023-06-01,2270.0,2167.3,2061.3275,BULL
2023-06-02,2307.5,2173.12,2062.8125,BULL
2023-06-05,2346.5,2179.06,2064.555,BULL
2023-06-06,2363.0,2185.41,2066.41,BULL
2023-06-07,2331.5,2191.18,2067.8925,BULL
2023-06-08,2316.5,2196.51,2069.24,BULL
2023-06-09,2351.0,2202.42,2070.7825,BULL
2023-06-12,2366.0,2208.06,2072.275,BULL
2023-06-13,2397.0,2214.12,2074.0,BULL
2023-06-14,2425.0,2220.24,2075.8475,BULL
2023-06-15,2425.5,2226.11,2077.7075,BULL
2023-06-16,2432.5,2232.02,2079.7125,BULL
2023-06-19,2420.5,2238.54,2081.6775,BULL
2023-06-20,2414.0,2245.39,2083.565,BULL
2023-06-21,2429.0,2252.46,2085.505,BULL
2023-06-22,2429.5,2259.3,2087.635,BULL
2023-06-23,2391.5,2265.03,2089.4375,BULL
2023-06-26,2387.0,2270.36,2091.1525,BULL
2023-06-27,2380.0,2275.51,2093.07,BULL
2023-06-28,2428.5,2281.42,2095.255,BULL
2023-06-29,2428.0,2287.14,2097.455,BULL
2023-06-30,2419.5,2292.39,2099.6125,BULL
2023-07-03,2455.0,2298.4,2102.0,BULL
2023-07-04,2439.5,2304.12,2104.1,BULL
2023-07-05,2437.5,2309.88,2106.1425,BULL
2023-07-06,2409.5,2315.04,2107.98,BULL
2023-07-07,2335.0,2318.57,2109.4175,BULL
2023-07-10,2325.0,2322.32,2111.0025,BULL
2023-07-11,2316.0,2325.73,2112.535,BULL
2023-07-12,2300.5,2328.25,2114.045,BULL
2023-07-13,2322.0,2330.79,2115.61,BULL
2023-07-14,2318.5,2333.31,2117.285,BULL
2023-07-18,2332.0,2336.18,2119.0625,BULL
2023-07-19,2357.5,2339.02,2121.2225,BULL
2023-07-20,2337.0,2341.68,2123.2525,BULL
2023-07-21,2341.0,2344.5,2125.3975,BULL
2023-07-24,2359.5,2347.36,2127.44,BULL
2023-07-25,2364.0,2349.93,2129.7025,BULL
2023-07-26,2361.0,2352.16,2131.88,BULL
2023-07-27,2377.5,2354.58,2133.8325,BULL
2023-07-28,2370.0,2356.3,2135.7125,BULL
2023-07-31,2401.0,2358.61,2137.7075,BULL
2023-08-01,2417.0,2360.97,2139.8475,BULL
2023-08-02,2380.5,2362.84,2141.995,BULL
2023-08-03,2346.5,2364.29,2143.9875,BULL
2023-08-04,2353.0,2366.0,2146.0825,BULL
2023-08-07,2365.0,2367.95,2148.0225,BULL
2023-08-08,2371.5,2369.68,2150.0825,BULL
2023-08-09,2363.5,2371.32,2151.995,BULL
2023-08-10,2386.0,2374.03,2153.995,BULL
2023-08-14,2361.5,2375.86,2155.9175,BULL
2023-08-15,2369.5,2377.1,2157.9525,BULL
2023-08-16,2341.5,2377.0,2159.82,BULL
2023-08-17,2331.0,2376.36,2161.54,BULL
2023-08-18,2313.5,2376.0,2163.12,BULL
2023-08-21,2321.0,2376.09,2164.7925,BULL
2023-08-22,2344.5,2375.96,2166.6325,BULL
2023-08-23,2357.5,2375.79,2168.385,BULL
2023-08-24,2367.0,2375.19,2170.12,BULL
2023-08-25,2346.0,2373.61,2171.75,BULL
2023-08-28,2380.5,2372.71,2173.6825,BULL
2023-08-29,2384.5,2371.75,2175.5375,BULL
2023-08-30,2395.5,2371.25,2177.31,BULL
2023-08-31,2409.5,2371.16,2179.2025,BULL
2023-09-01,2431.0,2371.2,2181.26,BULL
2023-09-04,2457.5,2371.76,2183.24,BULL
2023-09-05,2459.0,2373.11,2185.295,BULL
2023-09-06,2478.5,2374.94,2187.4525,BULL
2023-09-07,2467.5,2376.69,2189.545,BULL
2023-09-08,2441.5,2376.95,2191.49,BULL
2023-09-11,2444.5,2377.28,2193.46,BULL
2023-09-12,2465.0,2378.19,2195.5025,BULL
2023-09-13,2464.0,2378.37,2197.4225,BULL
2023-09-14,2491.0,2379.4,2199.3625,BULL
2023-09-15,2515.5,2380.96,2201.4175,BULL
2023-09-19,2515.5,2383.08,2203.55,BULL
2023-09-20,2490.0,2386.18,2205.6175,BULL
2023-09-21,2469.0,2389.06,2207.63,BULL
2023-09-22,2460.0,2391.94,2209.5725,BULL
2023-09-25,2472.5,2395.38,2211.76,BULL
2023-09-26,2458.0,2398.1,2213.905,BULL
2023-09-27,2462.0,2400.97,2216.0625,BULL
2023-09-28,2452.0,2403.37,2218.165,BULL
2023-09-29,2427.5,2404.77,2220.1925,BULL
2023-10-02,2419.0,2406.41,2222.065,BULL
2023-10-03,2378.0,2407.15,2223.7625,BULL
2023-10-04,2318.5,2406.33,2225.1125,BULL
2023-10-05,2365.0,2406.35,2226.635,BULL
2023-10-06,2365.0,2406.43,2228.1825,BULL
2023-10-10,2413.5,2407.15,2230.09,BULL
2023-10-11,2410.0,2407.95,2232.055,BULL
2023-10-12,2445.0,2408.83,2234.3275,BULL
2023-10-13,2411.5,2408.72,2236.5325,BULL
2023-10-16,2373.0,2408.57,2238.45,BULL
2023-10-17,2394.0,2409.52,2240.53,BULL
2023-10-18,2398.5,2410.43,2242.615,BULL
2023-10-19,2365.0,2410.43,2244.4775,BULL
2023-10-20,2356.5,2410.13,2246.3175,BULL
2023-10-23,2338.5,2409.63,2248.125,BULL
2023-10-24,2339.5,2408.7,2249.95,BULL
2023-10-25,2354.5,2408.56,2251.97,BULL
2023-10-26,2321.5,2407.6,2253.82,BULL
2023-10-27,2358.5,2407.94,2255.82,BULL
2023-10-30,2330.5,2407.93,2257.6625,BULL
2023-10-31,2356.5,2408.79,2259.53,BULL
2023-11-01,2413.5,2410.64,2261.635,BULL
2023-11-02,2425.5,2412.26,2263.84,BULL
2023-11-06,2465.0,2414.41,2266.3275,BULL
2023-11-07,2434.5,2415.76,2268.5675,BULL
2023-11-08,2408.0,2417.0,2270.5075,BULL
2023-11-09,2439.5,2418.18,2272.7,BULL
2023-11-10,2441.5,2419.32,2274.85,BULL
2023-11-13,2440.0,2420.21,2276.8975,BULL
2023-11-14,2450.0,2421.02,2278.855,BULL
2023-11-15,2479.5,2421.99,2280.9125,BULL
2023-11-16,2472.5,2422.29,2282.9575,BULL
2023-11-17,2496.5,2423.04,2285.095,BULL
2023-11-20,2479.0,2423.05,2287.1475,BULL
2023-11-21,2473.0,2423.16,2289.2025,BULL
2023-11-22,2483.0,2423.99,2291.325,BULL
2023-11-24,2499.0,2425.08,2293.57,BULL
2023-11-27,2490.0,2425.58,2295.7425,BULL
2023-11-28,2484.5,2425.99,2297.835,BULL
2023-11-29,2469.5,2425.56,2299.83,BULL
2023-11-30,2482.0,2424.89,2301.89,BULL
2023-12-01,2490.0,2424.38,2303.985,BULL
2023-12-04,2467.0,2423.92,2305.9575,BULL
2023-12-05,2446.5,2423.47,2307.8775,BULL
2023-12-06,2496.0,2424.19,2309.9525,BULL
2023-12-07,2464.5,2424.03,2311.9075,BULL
2023-12-08,2424.5,2423.36,2313.5825,BULL
2023-12-11,2463.5,2423.39,2315.505,BULL
2023-12-12,2459.0,2423.53,2317.365,BULL
2023-12-13,2460.5,2424.19,2319.2525,BULL
2023-12-14,2426.0,2424.33,2321.065,BULL
2023-12-15,2438.5,2425.54,2322.8825,BULL
2023-12-18,2420.0,2427.57,2324.575,BULL
2023-12-19,2439.0,2429.05,2326.37,BULL
2023-12-20,2457.5,2430.9,2328.225,BULL
2023-12-21,2432.0,2431.27,2329.975,BULL
2023-12-22,2441.5,2431.9,2331.6425,BULL
2023-12-25,2442.5,2431.85,2333.225,BULL
2023-12-26,2443.0,2432.48,2334.7625,BULL
2023-12-27,2471.0,2434.44,2336.405,BULL
2023-12-28,2469.5,2435.95,2337.9425,BULL
2023-12-29,2474.5,2437.47,2339.71,BULL
2024-01-04,2487.0,2439.91,2341.705,BULL
2024-01-05,2502.0,2442.82,2344.0525,BULL
2024-01-09,2522.0,2446.49,2346.435,BULL
2024-01-10,2556.0,2450.82,2349.0975,BULL
2024-01-11,2596.0,2455.65,2351.8425,BULL
2024-01-12,2608.5,2461.39,2354.8025,BULL
2024-01-15,2621.0,2466.64,2357.66,BULL
2024-01-16,2621.5,2472.46,2360.54,BULL
2024-01-17,2608.5,2477.5,2363.3675,BULL
2024-01-18,2605.5,2481.34,2366.145,BULL
2024-01-19,2624.5,2485.32,2368.99,BULL
2024-01-22,2663.5,2489.29,2371.8875,BULL
2024-01-23,2659.5,2493.79,2374.715,BULL
2024-01-24,2644.0,2498.51,2377.34,BULL
2024-01-25,2647.0,2502.66,2379.915,BULL
2024-01-26,2612.0,2506.07,2382.29,BULL
2024-01-29,2643.5,2510.14,2385.035,BULL
2024-01-30,2643.5,2514.01,2387.895,BULL
2024-01-31,2670.0,2517.82,2390.8675,BULL
2024-02-01,2649.5,2521.36,2393.6775,BULL
2024-02-02,2657.5,2524.58,2396.44,BULL
2024-02-05,2678.5,2528.57,2399.23,BULL
2024-02-06,2656.5,2532.24,2401.9,BULL
2024-02-07,2668.0,2535.94,2404.575,BULL
2024-02-08,2681.5,2539.59,2407.2725,BULL
2024-02-09,2676.0,2543.31,2409.8675,BULL
2024-02-13,2735.5,2548.33,2412.7725,BULL
2024-02-14,2703.0,2553.0,2415.52,BULL
2024-02-15,2716.0,2557.68,2418.3525,BULL
2024-02-16,2750.0,2562.88,2421.345,BULL
2024-02-19,2763.5,2568.81,2424.37,BULL
2024-02-20,2762.5,2575.13,2427.495,BULL
2024-02-21,2748.5,2580.18,2430.51,BULL
2024-02-22,2786.0,2586.61,2433.5675,BULL
2024-02-26,2798.5,2594.09,2436.585,BULL
2024-02-27,2802.0,2600.86,2439.6325,BULL
2024-02-28,2799.0,2607.66,2442.685,BULL
2024-02-29,2805.0,2614.55,2445.6325,BULL
2024-03-01,2834.5,2622.72,2448.785,BULL
2024-03-04,2834.5,2630.64,2451.9575,BULL
2024-03-05,2848.5,2639.21,2455.1175,BULL
2024-03-06,2858.5,2647.6,2458.2325,BULL
2024-03-07,2845.0,2655.35,2461.21,BULL
2024-03-08,2851.0,2663.73,2464.1825,BULL
2024-03-11,2791.5,2670.73,2466.72,BULL
2024-03-12,2779.5,2677.47,2469.19,BULL
2024-03-13,2772.0,2684.05,2471.555,BULL
2024-03-14,2788.5,2690.4,2474.0625,BULL
2024-03-15,2796.0,2696.93,2476.6725,BULL
2024-03-18,2849.5,2704.43,2479.5825,BULL
2024-03-19,2880.0,2712.29,2482.645,BULL
2024-03-21,2927.5,2720.8,2485.8575,BULL
2024-03-22,2946.5,2729.29,2489.1825,BULL
2024-03-25,2907.5,2736.32,2492.4675,BULL
2024-03-26,2914.0,2742.68,2495.6875,BULL
2024-03-27,2929.0,2749.09,2498.795,BULL
2024-03-28,2908.5,2754.84,2501.605,BULL
2024-03-29,2923.5,2760.88,2504.4075,BULL
2024-04-01,2872.5,2766.16,2507.1125,BULL
2024-04-02,2864.0,2771.33,2509.85,BULL
2024-04-03,2857.5,2775.99,2512.3825,BULL
2024-04-04,2886.5,2780.45,2514.985,BULL
2024-04-05,2854.0,2784.34,2517.27,BULL
2024-04-08,2881.0,2789.08,2519.55,BULL
2024-04-09,2907.5,2794.29,2521.96,BULL
2024-04-10,2896.5,2799.98,2524.28,BULL
2024-04-11,2901.5,2805.14,2526.685,BULL
2024-04-12,2916.0,2810.59,2529.195,BULL
2024-04-15,2904.5,2815.28,2531.5725,BULL
2024-04-16,2846.0,2819.21,2533.655,BULL
2024-04-17,2811.5,2822.29,2535.755,BULL
2024-04-18,2828.0,2825.28,2537.96,BULL
2024-04-19,2774.5,2827.64,2539.9325,BULL
2024-04-22,2814.0,2830.56,2541.86,BULL
2024-04-23,2804.0,2833.01,2543.74,BULL
2024-04-24,2859.5,2836.68,2545.94,BULL
2024-04-25,2815.0,2838.27,2547.74,BULL
2024-04-26,2833.0,2840.87,2549.7075,BULL
2024-04-30,2893.0,2844.41,2551.985,BULL
2024-05-01,2881.5,2847.04,2554.345,BULL
2024-05-02,2884.0,2849.45,2557.09,BULL
2024-05-07,2901.0,2852.22,2559.97,BULL
2024-05-08,2862.0,2854.49,2562.7,BULL
2024-05-09,2866.0,2856.09,2565.5275,BULL
2024-05-10,2881.0,2857.74,2568.3225,BULL
2024-05-13,2878.5,2859.27,2571.1225,BULL
2024-05-14,2882.5,2860.94,2573.875,BULL
2024-05-15,2887.5,2862.59,2576.525,BULL
2024-05-16,2891.5,2863.73,2579.2975,BULL
2024-05-17,2902.5,2865.09,2582.105,BULL
2024-05-20,2928.0,2866.68,2584.9475,BULL
2024-05-21,2917.0,2867.85,2587.7125,BULL
2024-05-22,2893.0,2868.81,2590.3725,BULL
2024-05-23,2913.0,2870.05,2593.05,BULL
2024-05-24,2896.5,2872.15,2595.6825,BULL
2024-05-27,2925.0,2875.06,2598.3025,BULL
2024-05-28,2926.5,2878.15,2600.85,BULL
2024-05-29,2898.0,2880.34,2603.4375,BULL
2024-05-30,2880.5,2882.03,2606.1075,BULL
2024-05-31,2950.0,2884.04,2609.0925,BULL
2024-06-03,2958.5,2885.61,2612.06,BULL
2024-06-04,2947.5,2886.01,2614.94,BULL
2024-06-05,2904.5,2885.17,2617.645,BULL
2024-06-06,2914.0,2885.3,2620.285,BULL
2024-06-07,2912.5,2885.27,2623.04,BULL
2024-06-10,2942.5,2885.54,2625.905,BULL
2024-06-11,2936.5,2886.1,2628.88,BULL
2024-06-12,2911.5,2885.86,2631.7825,BULL
2024-06-13,2885.0,2886.11,2634.64,BULL
2024-06-14,2903.0,2886.89,2637.55,BULL
2024-06-17,2853.0,2886.8,2640.0925,BULL
2024-06-18,2871.0,2886.49,2642.66,BULL
2024-06-19,2886.5,2887.14,2645.2575,BULL
2024-06-20,2882.5,2887.17,2647.94,BULL
2024-06-21,2879.5,2886.61,2650.435,BULL
2024-06-24,2896.5,2886.61,2652.995,BULL
2024-06-25,2947.5,2887.53,2655.755,BULL
2024-06-26,2960.0,2888.41,2658.5075,BULL
2024-06-27,2950.5,2889.33,2661.105,BULL
2024-06-28,2968.5,2891.78,2663.66,BULL
2024-07-01,2985.5,2895.26,2666.2925,BULL
2024-07-02,3019.0,2899.08,2668.995,BULL
2024-07-03,3047.0,2904.53,2671.8925,BULL
2024-07-04,3069.0,2909.63,2675.03,BULL
2024-07-05,3045.0,2914.45,2678.0325,BULL
2024-07-08,3035.0,2917.96,2680.8825,BULL
2024-07-09,3005.0,2921.76,2683.5875,BULL
2024-07-10,3024.0,2925.58,2686.2525,BULL
2024-07-11,3044.0,2928.6,2688.895,BULL
2024-07-12,3007.0,2931.11,2691.3525,BULL
2024-07-16,3012.0,2933.67,2693.9625,BULL
2024-07-17,3025.0,2936.15,2696.7425,BULL
2024-07-18,2975.0,2938.41,2699.3175,BULL
2024-07-19,2952.0,2940.13,2701.715,BULL
2024-07-22,2933.5,2941.18,2704.0925,BULL
2024-07-23,2943.0,2942.47,2706.4975,BULL
2024-07-24,2897.0,2942.76,2708.7225,BULL
2024-07-25,2817.5,2941.36,2710.6725,BULL
2024-07-26,2830.0,2940.13,2712.7275,BULL
2024-07-29,2863.0,2939.34,2715.1525,BULL
2024-07-30,2857.0,2937.92,2717.845,BULL
2024-07-31,2900.5,2937.59,2720.5225,BULL
2024-08-01,2806.0,2935.85,2722.7275,BULL
2024-08-02,2634.5,2930.28,2723.8325,RANGE
2024-08-05,2349.5,2919.34,2723.53,RANGE
2024-08-06,2491.5,2910.67,2723.7625,RANGE
2024-08-07,2584.0,2903.82,2724.625,RANGE
2024-08-08,2554.0,2896.94,2725.53,RANGE
2024-08-09,2581.0,2890.95,2726.465,RANGE
2024-08-13,2647.0,2884.89,2727.7075,RANGE
2024-08-14,2677.0,2879.26,2729.2675,RANGE
2024-08-15,2697.5,2874.26,2730.9725,RANGE
2024-08-16,2783.0,2871.83,2733.195,RANGE
2024-08-19,2742.0,2868.39,2735.2075,RANGE
2024-08-20,2770.5,2865.55,2737.2875,RANGE
2024-08-21,2764.5,2861.99,2739.5025,RANGE
2024-08-22,2775.0,2858.76,2741.585,BULL
2024-08-23,2789.0,2856.31,2743.8775,BULL
2024-08-26,2760.5,2853.82,2745.8975,BULL
2024-08-27,2780.0,2851.36,2747.73,BULL
2024-08-28,2794.0,2850.18,2749.5725,BULL
2024-08-29,2795.5,2848.67,2751.225,BULL
2024-08-30,2811.0,2847.16,2753.1075,BULL
2024-09-02,2817.0,2845.85,2755.1525,BULL
2024-09-03,2834.0,2844.94,2757.125,BULL
2024-09-04,2730.0,2841.61,2758.5675,RANGE
2024-09-05,2722.5,2837.11,2759.98,RANGE
2024-09-06,2695.0,2831.81,2761.205,RANGE
2024-09-09,2681.5,2826.43,2762.215,RANGE
2024-09-10,2673.5,2820.53,2763.22,RANGE
2024-09-11,2628.0,2813.38,2763.8775,RANGE
2024-09-12,2691.0,2806.82,2764.9375,RANGE
2024-09-13,2665.0,2799.18,2765.8975,RANGE
2024-09-17,2658.0,2790.96,2766.7725,RANGE
2024-09-18,2659.0,2783.24,2767.5725,RANGE
2024-09-19,2716.0,2776.86,2768.7025,RANGE
2024-09-20,2741.0,2771.58,2769.985,RANGE
2024-09-24,2756.5,2766.23,2771.42,RANGE
2024-09-25,2751.5,2760.38,2772.7675,RANGE
2024-09-26,2819.0,2756.62,2774.4125,RANGE
2024-09-27,2861.5,2753.61,2776.385,RANGE
2024-09-30,2767.0,2748.45,2777.9875,RANGE
2024-10-01,2820.0,2745.35,2779.6075,RANGE
2024-10-02,2773.5,2741.78,2781.1525,RANGE
2024-10-03,2808.5,2739.28,2783.0725,RANGE
2024-10-04,2821.5,2736.85,2784.8625,RANGE
2024-10-07,2876.0,2736.43,2786.9475,RANGE
2024-10-08,2833.0,2736.74,2788.81,RANGE
2024-10-09,2834.5,2736.83,2790.8525,RANGE
2024-10-10,2845.0,2736.47,2792.885,RANGE
2024-10-11,2835.5,2736.04,2794.9625,RANGE
2024-10-15,2850.0,2735.03,2797.0175,RANGE
2024-10-16,2824.5,2735.4,2798.8525,RANGE
2024-10-17,2815.5,2739.02,2800.77,RANGE
2024-10-18,2817.5,2748.38,2802.65,RANGE
2024-10-21,2810.0,2754.75,2804.4875,RANGE
2024-10-22,2779.5,2758.66,2806.17,RANGE
2024-10-23,2765.5,2762.89,2807.6425,RANGE
2024-10-24,2764.0,2766.55,2809.115,RANGE
2024-10-25,2745.0,2768.51,2810.4675,RANGE
2024-10-28,2787.0,2770.71,2811.9675,BEAR
2024-10-29,2810.0,2772.96,2813.5075,BEAR
2024-10-30,2838.5,2774.07,2815.09,RANGE
2024-10-31,2818.0,2775.59,2816.4,RANGE
2024-11-01,2773.0,2775.64,2817.285,RANGE
2024-11-05,2776.0,2775.87,2818.1225,RANGE
2024-11-06,2847.5,2777.32,2819.255,RANGE
2024-11-07,2871.0,2778.96,2820.5025,RANGE
2024-11-08,2866.0,2781.07,2821.79,RANGE
2024-11-11,2872.0,2782.91,2823.1225,RANGE
2024-11-12,2869.0,2784.41,2824.345,RANGE
2024-11-13,2838.0,2785.26,2825.2175,RANGE
2024-11-14,2832.5,2785.69,2826.0825,RANGE
2024-11-15,2842.0,2786.19,2827.0725,RANGE
2024-11-18,2823.0,2785.97,2827.9525,RANGE
2024-11-19,2842.0,2788.21,2829.1025,RANGE
2024-11-20,2831.0,2790.38,2830.04,RANGE
2024-11-21,2811.0,2792.7,2830.8775,RANGE
2024-11-22,2824.5,2795.56,2831.65,RANGE
2024-11-25,2843.0,2798.95,2832.6175,RANGE
2024-11-26,2823.0,2802.85,2833.445,RANGE
2024-11-27,2797.5,2804.98,2834.04,RANGE
2024-11-28,2819.0,2808.06,2834.8525,RANGE
2024-11-29,2804.5,2810.99,2835.535,RANGE
2024-12-02,2845.0,2814.71,2836.3525,RANGE
2024-12-03,2879.0,2817.97,2837.3675,RANGE
2024-12-04,2867.5,2820.5,2838.0275,RANGE
2024-12-05,2869.5,2822.76,2838.86,RANGE
2024-12-06,2858.0,2824.89,2839.57,RANGE
2024-12-09,2867.0,2825.85,2840.155,RANGE
2024-12-10,2871.0,2826.04,2840.6925,RANGE
2024-12-11,2884.5,2828.39,2841.3025,RANGE
2024-12-12,2906.0,2830.11,2842.09,RANGE
2024-12-13,2880.5,2832.25,2842.5625,RANGE
2024-12-16,2868.5,2833.45,2842.9125,RANGE
2024-12-17,2854.5,2834.11,2843.175,RANGE
2024-12-18,2852.5,2833.64,2843.4425,RANGE
2024-12-19,2844.5,2833.87,2843.64,RANGE
2024-12-20,2830.5,2833.79,2843.62,RANGE
2024-12-23,2859.5,2834.08,2843.745,RANGE
2024-12-24,2861.5,2834.6,2843.81,RANGE
2024-12-25,2861.5,2834.83,2843.825,RANGE
2024-12-26,2901.5,2836.37,2844.1075,RANGE
2024-12-27,2943.0,2838.92,2844.5675,RANGE
2024-12-30,2919.0,2840.95,2845.205,RANGE
2025-01-06,2890.0,2842.55,2845.7575,RANGE
2025-01-07,2927.5,2845.51,2846.535,RANGE
2025-01-08,2907.5,2848.35,2847.13,RANGE
2025-01-09,2871.5,2850.5,2847.5075,RANGE
2025-01-10,2847.5,2852.55,2847.4975,RANGE
2025-01-14,2816.0,2853.13,2847.1775,RANGE
2025-01-15,2826.0,2853.45,2846.67,RANGE
2025-01-16,2822.5,2853.13,2846.05,RANGE
2025-01-17,2809.5,2852.96,2845.56,RANGE
2025-01-20,2844.5,2854.39,2845.2125,RANGE
2025-01-21,2847.0,2855.81,2844.8025,RANGE
2025-01-22,2874.0,2856.34,2844.63,RANGE
2025-01-23,2888.5,2856.69,2844.455,RANGE
2025-01-24,2885.5,2857.08,2844.52,RANGE
2025-01-27,2894.5,2857.53,2844.6725,BULL
2025-01-28,2892.0,2857.99,2844.845,BULL
2025-01-29,2914.5,2859.52,2844.985,BULL
2025-01-30,2920.0,2861.27,2845.315,BULL
2025-01-31,2925.0,2862.93,2845.535,BULL
2025-02-03,2853.5,2863.54,2845.265,BULL
2025-02-04,2873.0,2864.16,2845.1475,BULL
2025-02-05,2881.0,2865.16,2845.045,BULL
2025-02-06,2890.5,2866.75,2844.9175,BULL
2025-02-07,2873.0,2867.72,2844.76,BULL
2025-02-10,2870.0,2868.26,2844.88,BULL
2025-02-12,2869.5,2869.19,2845.17,BULL
2025-02-13,2903.5,2871.31,2845.5475,BULL
2025-02-14,2895.5,2872.84,2846.1525,BULL
2025-02-17,2904.5,2874.84,2846.605,BULL
2025-02-18,2912.0,2876.18,2847.145,BULL
2025-02-19,2904.5,2876.69,2847.37,BULL
2025-02-20,2869.0,2876.72,2847.64,BULL
2025-02-21,2872.5,2876.78,2847.8375,BULL
2025-02-25,2861.0,2876.84,2847.6775,BULL
2025-02-26,2854.5,2876.59,2847.5425,BULL
2025-02-27,2874.5,2876.66,2847.495,BULL
2025-02-28,2813.5,2875.24,2847.0575,RANGE
2025-03-03,2866.5,2874.45,2847.08,RANGE
2025-03-04,2845.5,2873.75,2846.9775,RANGE
2025-03-05,2853.0,2873.44,2846.8375,RANGE
2025-03-06,2888.5,2874.12,2846.8875,RANGE
2025-03-07,2844.5,2873.96,2846.6975,RANGE
2025-03-10,2837.5,2873.82,2846.4475,RANGE
2025-03-11,2807.0,2873.35,2846.025,RANGE
2025-03-12,2831.0,2872.78,2845.6675,RANGE
2025-03-13,2838.0,2872.31,2845.2175,RANGE
2025-03-14,2856.0,2872.2,2844.9125,RANGE
2025-03-17,2885.5,2871.88,2844.875,RANGE
2025-03-18,2924.5,2871.51,2844.9325,RANGE
2025-03-19,2935.5,2871.84,2845.1275,RANGE
2025-03-21,2943.5,2872.91,2845.22,BULL
2025-03-24,2933.5,2873.03,2845.255,BULL
2025-03-25,2939.0,2873.66,2845.46,BULL
2025-03-26,2956.0,2875.35,2845.8375,BULL
2025-03-27,2951.5,2877.43,2845.845,BULL
2025-03-28,2926.5,2879.64,2845.685,BULL
2025-03-31,2824.0,2879.6,2845.0675,RANGE
2025-04-01,2822.0,2879.59,2844.655,RANGE
2025-04-02,2816.0,2879.72,2844.165,RANGE
2025-04-03,2730.0,2877.43,2843.2525,RANGE
2025-04-04,2633.0,2873.15,2841.705,RANGE
2025-04-07,2432.5,2864.32,2839.185,RANGE
2025-04-08,2579.0,2858.13,2837.5225,RANGE
2025-04-09,2492.0,2850.26,2835.5575,RANGE
2025-04-10,2701.5,2846.4,2834.55,RANGE
2025-04-11,2617.0,2840.9,2833.37,RANGE
2025-04-14,2640.0,2835.41,2832.215,RANGE
2025-04-15,2667.5,2830.36,2831.12,RANGE
2025-04-16,2647.5,2824.81,2829.945,RANGE
2025-04-17,2685.5,2821.45,2828.975,RANGE
2025-04-18,2714.5,2818.28,2828.065,RANGE
2025-04-21,2683.0,2814.32,2826.7425,BEAR
2025-04-22,2689.0,2810.29,2825.3875,BEAR
2025-04-23,2739.5,2807.62,2824.3325,BEAR
2025-04-24,2748.0,2805.18,2823.23,BEAR
2025-04-25,2790.0,2803.59,2822.2525,BEAR
2025-04-28,2814.0,2801.8,2821.2275,BEAR
2025-04-30,2834.5,2800.58,2820.165,RANGE
2025-05-01,2845.0,2799.39,2819.045,RANGE
2025-05-02,2851.5,2798.18,2818.0775,RANGE
2025-05-07,2864.0,2797.37,2817.2225,RANGE
2025-05-08,2865.0,2797.29,2816.5225,RANGE
2025-05-09,2901.5,2797.87,2815.91,RANGE
2025-05-12,2914.0,2798.93,2815.26,RANGE
2025-05-13,2945.0,2800.74,2814.95,RANGE
2025-05-14,2932.0,2801.89,2814.55,RANGE
2025-05-15,2905.5,2803.73,2813.9525,RANGE
2025-05-16,2910.0,2804.6,2813.6275,RANGE
2025-05-19,2908.5,2805.86,2813.41,RANGE
2025-05-20,2904.0,2806.88,2813.2625,RANGE
2025-05-21,2901.5,2807.14,2813.055,RANGE
2025-05-22,2882.5,2807.9,2812.9825,RANGE
2025-05-23,2906.0,2809.27,2813.425,RANGE
2025-05-26,2922.0,2811.57,2813.885,RANGE
2025-05-27,2944.5,2813.84,2814.2925,RANGE
2025-05-28,2945.0,2815.98,2814.7325,RANGE
2025-05-29,2984.5,2818.55,2815.1525,RANGE
2025-05-30,2972.5,2820.29,2815.985,RANGE
2025-06-02,2948.0,2820.76,2817.5525,RANGE
2025-06-03,2943.0,2820.91,2820.52,BULL
2025-06-04,2956.0,2821.16,2822.8425,RANGE
2025-06-05,2925.0,2820.99,2824.5475,RANGE
2025-06-06,2942.0,2821.05,2826.4875,RANGE
2025-06-09,2957.0,2821.07,2828.3675,RANGE
2025-06-10,2954.5,2821.13,2829.905,RANGE
2025-06-11,2961.0,2821.82,2831.325,RANGE
2025-06-12,2954.5,2824.43,2832.61,RANGE
2025-06-13,2924.5,2826.48,2833.3175,RANGE
2025-06-16,2950.0,2829.16,2834.3575,RANGE
2025-06-17,2954.5,2833.65,2835.2775,RANGE
2025-06-18,2983.5,2840.66,2836.3725,RANGE
2025-06-19,2963.5,2851.28,2837.315,RANGE
2025-06-20,2944.0,2858.58,2838.09,RANGE
2025-06-23,2931.5,2867.37,2838.945,RANGE
2025-06-24,2951.5,2872.37,2839.8025,BULL
2025-06-25,2953.5,2879.1,2840.6,BULL
2025-06-26,2978.5,2885.87,2841.515,BULL
2025-06-27,3021.0,2892.94,2842.565,BULL
2025-06-30,3030.0,2900.59,2843.63,BULL
2025-07-01,3009.0,2907.06,2844.505,BULL
2025-07-02,3000.0,2912.77,2845.855,BULL
2025-07-03,3004.0,2919.19,2847.2625,BULL
2025-07-04,3008.0,2925.57,2848.8275,BULL
2025-07-07,2985.0,2930.48,2850.345,BULL
2025-07-08,2995.5,2935.43,2851.955,BULL
2025-07-09,2937.5,2938.38,2853.5025,BULL
2025-07-10,2915.0,2940.4,2854.6225,BULL
2025-07-11,2932.5,2942.36,2855.96,BULL
2025-07-14,2933.0,2944.12,2857.335,BULL
2025-07-15,2934.0,2945.77,2858.71,BULL
2025-07-16,2927.5,2947.04,2859.7675,BULL
2025-07-17,2950.0,2948.74,2860.8125,BULL
2025-07-18,2944.0,2949.59,2861.75,BULL
2025-07-22,2943.5,2950.18,2862.71,BULL
2025-07-23,3040.0,2952.08,2863.815,BULL
2025-07-24,3093.0,2955.3,2864.9725,BULL
2025-07-25,3062.0,2958.43,2866.4475,BULL
2025-07-28,3043.0,2961.09,2867.5625,BULL
2025-07-29,3019.0,2963.3,2868.79,BULL
2025-07-30,3033.0,2965.88,2869.9125,BULL
2025-07-31,3056.0,2968.97,2871.085,BULL
2025-08-01,3064.0,2972.6,2872.025,BULL
2025-08-04,3028.0,2975.04,2873.0,BULL
2025-08-05,3051.0,2977.62,2874.0825,BULL
2025-08-06,3085.0,2980.43,2875.2825,BULL
2025-08-07,3104.0,2983.61,2876.625,BULL
2025-08-08,3140.0,2986.72,2878.075,BULL
2025-08-12,3184.0,2990.95,2879.8725,BULL
2025-08-13,3211.0,2996.21,2881.85,BULL
2025-08-14,3177.0,3000.89,2883.6475,BULL
2025-08-15,3229.0,3006.35,2885.7425,BULL
2025-08-18,3240.0,3012.65,2888.045,BULL
2025-08-19,3237.0,3018.55,2890.4025,BULL
2025-08-20,3220.0,3023.81,2892.6825,BULL
2025-08-21,3203.0,3028.78,2894.9725,BULL
2025-08-22,3220.0,3033.96,2897.1375,BULL
2025-08-25,3223.0,3039.33,2899.2025,BULL
2025-08-26,3191.0,3044.66,2900.965,BULL
2025-08-27,3188.0,3049.42,2902.815,BULL
2025-08-28,3210.0,3054.53,2905.0,BULL
2025-08-29,3196.0,3058.78,2907.1,BULL
2025-09-01,3181.0,3063.13,2908.7675,BULL
2025-09-02,3204.0,3068.33,2910.4325,BULL
2025-09-03,3168.0,3073.06,2911.9425,BULL
2025-09-04,3199.0,3078.01,2913.5775,BULL
2025-09-05,3230.0,3083.54,2915.3825,BULL
2025-09-08,3262.0,3089.21,2917.5025,BULL
2025-09-09,3245.0,3093.69,2919.565,BULL
2025-09-10,3261.0,3098.31,2921.66,BULL
2025-09-11,3270.0,3103.53,2923.895,BULL
2025-09-12,3284.0,3109.21,2926.105,BULL
2025-09-16,3294.0,3115.01,2928.42,BULL
2025-09-17,3268.0,3120.21,2930.705,BULL
2025-09-18,3286.0,3126.23,2933.0125,BULL
2025-09-19,3266.0,3131.64,2935.1275,BULL
2025-09-22,3286.0,3138.61,2937.4425,BULL
2025-09-24,3293.0,3146.17,2939.92,BULL
2025-09-25,3312.0,3153.76,2942.385,BULL
2025-09-26,3306.0,3161.22,2944.8925,BULL
2025-09-29,3285.0,3168.24,2947.0925,BULL
2025-09-30,3283.0,3175.35,2949.1125,BULL
2025-10-01,3245.0,3181.25,2951.0,BULL
2025-10-02,3236.0,3187.09,2952.8325,BULL
2025-10-03,3280.0,3193.82,2954.9425,BULL
2025-10-06,3385.0,3200.72,2957.5325,BULL
2025-10-07,3383.0,3206.52,2960.0925,BULL
2025-10-08,3394.0,3213.16,2962.64,BULL
2025-10-09,3415.0,3220.6,2965.185,BULL
2025-10-10,3350.0,3227.22,2967.5325,BULL
2025-10-14,3287.0,3232.3,2969.625,BULL
2025-10-15,3342.0,3238.02,2972.0625,BULL
2025-10-16,3355.0,3243.84,2974.575,BULL
2025-10-17,3324.0,3249.76,2976.9725,BULL
2025-10-20,3400.0,3256.74,2979.82,BULL
2025-10-21,3408.0,3263.2,2982.5625,BULL
2025-10-22,3421.0,3269.54,2985.36,BULL
2025-10-23,3407.0,3274.88,2988.0875,BULL
2025-10-24,3407.0,3279.34,2990.615,BULL
2025-10-27,3485.0,3284.82,2993.325,BULL
2025-10-28,3449.0,3290.26,2995.975,BULL
2025-10-29,3438.0,3294.44,2998.715,BULL
2025-10-30,3458.0,3298.8,3001.3675,BULL
2025-10-31,3492.0,3303.9,3004.29,BULL
2025-11-04,3473.0,3308.96,3007.2975,BULL
2025-11-05,3426.0,3313.42,3010.19,BULL
2025-11-06,3472.0,3318.46,3013.47,BULL
2025-11-07,3455.0,3323.1,3016.615,BULL
2025-11-10,3479.0,3328.86,3019.8975,BULL
2025-11-11,3481.0,3334.72,3023.255,BULL
2025-11-12,3522.0,3340.96,3026.6425,BULL
2025-11-13,3549.0,3348.02,3030.1525,BULL
2025-11-14,3522.0,3354.84,3033.3925,BULL
2025-11-17,3507.0,3360.9,3036.485,BULL
2025-11-18,3411.0,3365.76,3039.1125,BULL
2025-11-19,3405.0,3369.88,3041.665,BULL
2025-11-20,3459.0,3374.46,3044.5,BULL
2025-11-21,3457.0,3378.36,3047.2125,BULL
2025-11-25,3451.0,3382.48,3049.8675,BULL
2025-11-26,3520.0,3387.66,3052.8425,BULL
2025-11-27,3531.0,3392.88,3056.23,BULL
2025-11-28,3542.0,3398.04,3059.575,BULL
2025-12-01,3501.0,3402.18,3062.675,BULL
2025-12-02,3501.0,3406.84,3065.7275,BULL
2025-12-03,3496.0,3411.04,3068.8425,BULL
2025-12-04,3566.0,3417.04,3072.3225,BULL
2025-12-05,3522.0,3421.76,3075.585,BULL
2025-12-08,3550.0,3426.9,3078.8175,BULL
2025-12-09,3548.0,3431.62,3082.08,BULL
2025-12-10,3552.0,3436.54,3085.3175,BULL
2025-12-11,3525.0,3441.34,3088.3825,BULL
2025-12-12,3593.0,3447.54,3091.825,BULL
2025-12-15,3606.0,3454.76,3095.51,BULL
2025-12-16,3538.0,3460.8,3098.8375,BULL
2025-12-17,3537.0,3465.94,3102.2175,BULL
2025-12-18,3521.0,3468.66,3105.55,BULL
2025-12-19,3553.0,3472.06,3108.9425,BULL
2025-12-22,3572.0,3475.62,3112.735,BULL
2025-12-23,3588.0,3479.08,3116.3425,BULL
2025-12-24,3573.0,3483.54,3119.98,BULL
2025-12-25,3586.0,3489.52,3123.645,BULL
2025-12-26,3588.0,3494.44,3127.1425,BULL
2025-12-29,3599.0,3499.32,3130.915,BULL
2025-12-30,3579.0,3504.42,3134.6225,BULL
2026-01-05,3650.0,3509.42,3138.8375,BULL
2026-01-06,3714.0,3515.54,3143.2525,BULL
2026-01-07,3684.0,3520.8,3147.4825,BULL
2026-01-08,3655.0,3525.76,3151.4775,BULL
2026-01-09,3690.0,3531.42,3155.5,BULL
2026-01-13,3775.0,3537.22,3159.7525,BULL
2026-01-14,3824.0,3544.72,3164.195,BULL
2026-01-15,3854.0,3553.04,3168.7475,BULL
2026-01-16,3848.0,3560.84,3173.32,BULL
2026-01-19,3840.0,3567.8,3177.825,BULL
2026-01-20,3804.0,3574.42,3182.065,BULL
2026-01-21,3769.0,3581.28,3186.1525,BULL
2026-01-22,3801.0,3587.86,3190.525,BULL
2026-01-23,3813.0,3595.02,3195.47,BULL
2026-01-26,3729.0,3600.02,3200.005,BULL
2026-01-27,3740.0,3605.2,3204.625,BULL
2026-01-28,3708.0,3608.92,3209.515,BULL
2026-01-29,3719.0,3612.32,3214.945,BULL
2026-01-30,3744.0,3616.76,3221.5025,BULL
2026-02-02,3713.0,3620.88,3227.1725,BULL
2026-02-03,3831.0,3629.28,3233.8675,BULL
2026-02-04,3838.0,3637.94,3239.55,BULL
2026-02-05,3836.0,3645.48,3245.645,BULL
2026-02-06,3885.0,3654.04,3251.87,BULL
2026-02-09,3973.0,3664.48,3258.3975,BULL
2026-02-10,4047.0,3675.02,3265.395,BULL
2026-02-12,4077.0,3685.94,3272.3525,BULL
2026-02-13,4012.0,3695.34,3278.84,BULL
2026-02-16,3981.0,3704.94,3285.33,BULL
2026-02-17,3952.0,3713.96,3291.645,BULL
2026-02-18,3997.0,3723.98,3297.9325,BULL
2026-02-19,4046.0,3733.58,3304.4225,BULL
2026-02-20,4001.0,3743.16,3310.4775,BULL
2026-02-24,4011.0,3752.38,3316.4625,BULL
2026-02-25,4045.0,3762.32,3322.515,BULL
2026-02-26,4078.0,3772.84,3328.68,BULL
2026-02-27,4131.0,3784.96,3335.0775,BULL
2026-03-02,4094.0,3794.98,3341.2275,BULL
2026-03-03,3959.0,3802.04,3346.6975,BULL
2026-03-04,3818.0,3807.64,3351.28,BULL
2026-03-05,3885.0,3814.6,3356.135,BULL
2026-03-06,3903.0,3822.24,3360.925,BULL
