Date,Open,High,Low,Close,Adj Close,Volume
2020-02-25,1538.0,1583.0,1522.0,1559.0,1421.8438720703125,222900
2020-02-26,1556.0,1571.0,1518.0,1555.0,1418.1956787109375,155000
2020-02-27,1560.0,1577.0,1488.0,1501.0,1368.9464111328125,214300
2020-02-28,1401.0,1472.0,1391.0,1402.0,1278.656005859375,286800
2020-03-02,1392.0,1515.0,1384.0,1464.0,1335.2015380859375,241400
2020-03-03,1508.0,1511.0,1357.0,1381.0,1259.5037841796875,446400
2020-03-04,1354.0,1433.0,1329.0,1396.0,1273.1839599609375,188000
2020-03-05,1427.0,1428.0,1336.0,1353.0,1233.9669189453125,198000
2020-03-06,1336.0,1339.0,1279.0,1293.0,1179.24560546875,208800
2020-03-09,1233.0,1253.0,1164.0,1169.0,1066.1549072265625,353000
2020-03-10,1110.0,1237.0,1084.0,1215.0,1108.1077880859375,424200
2020-03-11,1215.0,1227.0,1144.0,1146.0,1045.178466796875,317200
2020-03-12,1116.0,1138.0,1030.0,1054.0,961.2722778320312,817200
2020-03-13,959.0,963.0,875.0,903.0,823.5567016601562,479200
2020-03-16,948.0,964.0,898.0,908.0,828.1167602539062,339100
2020-03-17,875.0,942.0,852.0,909.0,829.0288696289062,316400
2020-03-18,908.0,932.0,785.0,798.0,727.794189453125,748900
2020-03-19,797.0,820.0,648.0,648.0,590.9907836914062,669800
2020-03-23,645.0,683.0,629.0,679.0,619.2634887695312,698200
2020-03-24,713.0,779.0,712.0,779.0,710.4658203125,195600
2020-03-25,900.0,929.0,870.0,929.0,847.269287109375,447900
2020-03-26,892.0,999.0,841.0,990.0,902.9027099609376,935600
2020-03-27,1005.0,1045.0,961.0,986.0,899.254638671875,551500
2020-03-30,966.0,1018.0,942.0,1014.0,924.791259765625,309000
2020-03-31,1021.0,1058.0,990.0,1007.0,918.4070434570312,308300
2020-04-01,1000.0,1047.0,978.0,984.0,897.4306030273438,278200
2020-04-02,969.0,973.0,903.0,913.0,832.6769409179688,376100
2020-04-03,1007.0,1044.0,843.0,857.0,781.6036376953125,365300
2020-04-06,859.0,923.0,857.0,914.0,833.5889892578125,284900
2020-04-07,969.0,1062.0,965.0,1032.0,941.2076416015624,525100
2020-04-08,1032.0,1167.0,1025.0,1154.0,1052.4744873046875,820400
2020-04-09,1156.0,1210.0,1147.0,1180.0,1076.18701171875,449300
2020-04-10,1180.0,1218.0,1159.0,1201.0,1095.339599609375,368100
2020-04-13,1210.0,1312.0,1210.0,1278.0,1165.5653076171875,485900
2020-04-14,1265.0,1339.0,1261.0,1320.0,1203.8702392578125,401100
2020-04-15,1347.0,1405.0,1280.0,1308.0,1192.926025390625,546900
2020-04-16,1328.0,1400.0,1319.0,1370.0,1249.471435546875,356700
2020-04-17,1412.0,1416.0,1355.0,1382.0,1260.41552734375,239900
2020-04-20,1420.0,1483.0,1393.0,1459.0,1330.6414794921875,325400
2020-04-21,1455.0,1455.0,1345.0,1386.0,1264.0638427734375,318500
2020-04-22,1336.0,1371.0,1283.0,1322.0,1205.6943359375,390400
2020-04-23,1346.0,1383.0,1340.0,1378.0,1256.7674560546875,230200
2020-04-24,1362.0,1362.0,1304.0,1312.0,1196.5740966796875,243100
2020-04-27,1322.0,1337.0,1232.0,1240.0,1130.908447265625,527800
2020-04-28,1228.0,1254.0,1197.0,1238.0,1135.494384765625,450300
2020-04-30,1276.0,1339.0,1271.0,1316.0,1207.0360107421875,284900
2020-05-01,1270.0,1298.0,1241.0,1277.0,1171.2652587890625,196700
2020-05-07,1247.0,1330.0,1247.0,1330.0,1219.876953125,174000
2020-05-08,1350.0,1374.0,1307.0,1338.0,1227.2144775390625,139300
2020-05-11,1368.0,1410.0,1348.0,1404.0,1287.7498779296875,221400
2020-05-12,1405.0,1432.0,1386.0,1391.0,1275.826171875,163000
2020-05-13,1377.0,1379.0,1321.0,1365.0,1251.9788818359375,141400
2020-05-14,1337.0,1350.0,1281.0,1285.0,1178.6029052734375,260800
2020-05-15,1299.0,1341.0,1275.0,1327.0,1217.1253662109375,162700
2020-05-18,1328.0,1352.0,1311.0,1339.0,1228.1318359375,112200
2020-05-19,1369.0,1378.0,1315.0,1318.0,1208.8704833984375,106100
2020-05-20,1348.0,1358.0,1307.0,1357.0,1244.641357421875,101600
2020-05-21,1355.0,1355.0,1304.0,1330.0,1219.876953125,140700
2020-05-22,1341.0,1352.0,1308.0,1328.0,1218.04248046875,117000
2020-05-25,1365.0,1398.0,1345.0,1395.0,1279.4949951171875,141800
2020-05-26,1401.0,1419.0,1375.0,1392.0,1276.743408203125,123700
2020-05-27,1362.0,1369.0,1313.0,1358.0,1245.5584716796875,216400
2020-05-28,1344.0,1344.0,1309.0,1332.0,1221.7113037109375,143100
2020-05-29,1331.0,1342.0,1281.0,1284.0,1177.6856689453125,299600
2020-06-01,1300.0,1378.0,1299.0,1352.0,1240.0552978515625,296800
2020-06-02,1370.0,1476.0,1358.0,1473.0,1351.0364990234375,438000
2020-06-03,1493.0,1599.0,1487.0,1533.0,1406.068603515625,726200
2020-06-04,1511.0,1527.0,1417.0,1440.0,1320.7689208984375,483000
2020-06-05,1440.0,1509.0,1387.0,1498.0,1373.9666748046875,391100
2020-06-08,1539.0,1609.0,1509.0,1592.0,1460.1834716796875,502200
2020-06-09,1622.0,1623.0,1567.0,1595.0,1462.93505859375,404600
2020-06-10,1590.0,1609.0,1567.0,1605.0,1472.1070556640625,250900
2020-06-11,1605.0,1668.0,1595.0,1619.0,1484.9478759765625,384400
2020-06-12,1558.0,1614.0,1510.0,1577.0,1446.425537109375,436900
2020-06-15,1575.0,1942.0,1535.0,1898.0,1740.8468017578125,2256800
2020-06-16,1887.0,1927.0,1838.0,1862.0,1707.8277587890625,2506400
2020-06-17,1914.0,2015.0,1886.0,1917.0,1758.2738037109375,1998400
2020-06-18,1920.0,1927.0,1788.0,1824.0,1672.97412109375,1626900
2020-06-19,1870.0,1934.0,1850.0,1887.0,1730.7576904296875,854100
2020-06-22,1850.0,1895.0,1774.0,1785.0,1637.2032470703125,461300
2020-06-23,1788.0,1799.0,1734.0,1758.0,1612.4388427734375,442900
2020-06-24,1758.0,1809.0,1747.0,1782.0,1634.45166015625,298200
2020-06-25,1742.0,1747.0,1683.0,1697.0,1556.4896240234375,347000
2020-06-26,1713.0,1726.0,1648.0,1688.0,1548.23486328125,275200
2020-06-29,1663.0,1684.0,1627.0,1643.0,1506.960693359375,326400
2020-06-30,1657.0,1700.0,1626.0,1677.0,1538.1456298828125,320600
2020-07-01,1720.0,1794.0,1707.0,1756.0,1610.6043701171875,675000
2020-07-02,1779.0,1798.0,1628.0,1637.0,1501.45751953125,601600
2020-07-03,1635.0,1721.0,1583.0,1715.0,1572.999267578125,381900
2020-07-06,1715.0,1790.0,1694.0,1761.0,1615.1904296875,314300
2020-07-07,1760.0,1842.0,1737.0,1834.0,1682.14599609375,538700
2020-07-08,1830.0,1863.0,1793.0,1840.0,1687.649169921875,340000
2020-07-09,1843.0,1931.0,1803.0,1897.0,1739.9296875,327800
2020-07-10,1857.0,1934.0,1857.0,1882.0,1726.171630859375,282900
2020-07-13,1859.0,1885.0,1782.0,1834.0,1682.14599609375,366500
2020-07-14,1794.0,1831.0,1743.0,1775.0,1628.0311279296875,271600
2020-07-15,1802.0,1888.0,1782.0,1880.0,1724.337158203125,296100
2020-07-16,1883.0,1915.0,1804.0,1812.0,1661.9677734375,327900
2020-07-17,1800.0,1826.0,1751.0,1807.0,1657.381591796875,279400
2020-07-20,1810.0,1845.0,1757.0,1769.0,1622.52783203125,239100
2020-07-21,1805.0,1866.0,1795.0,1820.0,1669.30517578125,241500
2020-07-22,1781.0,1810.0,1722.0,1801.0,1651.8782958984375,307500
2020-07-27,1782.0,1832.0,1764.0,1792.0,1643.62353515625,151500
2020-07-28,1800.0,1886.0,1788.0,1855.0,1701.4072265625,228900
2020-07-29,1860.0,1927.0,1860.0,1869.0,1714.2481689453125,302800
2020-07-30,1881.0,1919.0,1851.0,1884.0,1728.006103515625,397700
2020-07-31,1903.0,1993.0,1864.0,1991.0,1826.1466064453125,524600
2020-08-03,2031.0,2214.0,2020.0,2152.0,1973.815673828125,587800
2020-08-04,2155.0,2263.0,2147.0,2187.0,2005.91796875,444900
2020-08-05,2170.0,2285.0,2152.0,2160.0,1981.1534423828125,442500
2020-08-06,2170.0,2267.0,2162.0,2259.0,2071.956298828125,366300
2020-08-07,2239.0,2240.0,2118.0,2181.0,2000.4144287109373,395500
2020-08-11,2140.0,2145.0,2036.0,2068.0,1896.7708740234373,449700
2020-08-12,2049.0,2055.0,1961.0,1966.0,1803.216552734375,348000
2020-08-13,2006.0,2042.0,1983.0,2008.0,1841.7388916015625,258100
2020-08-14,2035.0,2138.0,2022.0,2119.0,1943.5482177734373,267300
2020-08-17,2126.0,2167.0,2077.0,2095.0,1921.535400390625,193000
2020-08-18,2135.0,2160.0,2097.0,2156.0,1977.4847412109373,201200
2020-08-19,2183.0,2270.0,2161.0,2238.0,2052.6953125,336800
2020-08-20,2230.0,2230.0,2148.0,2196.0,2014.172607421875,269300
2020-08-21,2206.0,2240.0,2147.0,2220.0,2036.185546875,256000
2020-08-24,2224.0,2323.0,2187.0,2314.0,2122.40234375,328400
2020-08-25,2388.0,2418.0,2217.0,2217.0,2033.43408203125,589600
2020-08-26,2260.0,2506.0,2256.0,2369.0,2172.84814453125,823900
2020-08-27,2387.0,2434.0,2346.0,2396.0,2197.61279296875,405800
2020-08-28,2396.0,2419.0,2260.0,2302.0,2111.39599609375,440400
2020-08-31,2352.0,2455.0,2340.0,2455.0,2251.727783203125,341300
2020-09-01,2460.0,2564.0,2460.0,2552.0,2340.696044921875,503800
2020-09-02,2559.0,2590.0,2480.0,2543.0,2332.441162109375,375600
2020-09-03,2545.0,2590.0,2502.0,2540.0,2329.689697265625,243800
2020-09-04,2455.0,2515.0,2427.0,2475.0,2270.07177734375,417400
2020-09-07,2458.0,2484.0,2393.0,2397.0,2198.530029296875,380600
2020-09-08,2410.0,2413.0,2330.0,2413.0,2213.205078125,277400
2020-09-09,2370.0,2443.0,2332.0,2416.0,2215.95654296875,259400
2020-09-10,2487.0,2556.0,2455.0,2466.0,2261.81689453125,398100
2020-09-11,2495.0,2643.0,2471.0,2622.0,2404.89990234375,784800
2020-09-14,2647.0,2655.0,2412.0,2431.0,2229.71484375,1074300
2020-09-15,2185.0,2235.0,1990.0,2041.0,1872.006591796875,2053400
2020-09-16,2087.0,2147.0,2022.0,2125.0,1949.0513916015625,1017100
2020-09-17,2075.0,2220.0,2043.0,2185.0,2004.08349609375,800600
2020-09-18,2187.0,2288.0,2148.0,2279.0,2090.30029296875,602800
2020-09-23,2281.0,2375.0,2281.0,2337.0,2143.498291015625,310800
2020-09-24,2358.0,2494.0,2328.0,2412.0,2212.287841796875,730700
2020-09-25,2414.0,2470.0,2338.0,2450.0,2247.141845703125,501500
2020-09-28,2500.0,2520.0,2420.0,2489.0,2282.912353515625,353100
2020-09-29,2499.0,2548.0,2454.0,2523.0,2314.09716796875,378100
2020-09-30,2518.0,2520.0,2442.0,2471.0,2266.40283203125,303200
2020-10-02,2547.0,2627.0,2422.0,2454.0,2250.810302734375,656600
2020-10-05,2485.0,2526.0,2448.0,2464.0,2259.982177734375,246200
2020-10-06,2472.0,2472.0,2351.0,2374.0,2177.434326171875,464900
2020-10-07,2350.0,2413.0,2308.0,2353.0,2158.17333984375,332300
2020-10-08,2387.0,2400.0,2327.0,2331.0,2137.9951171875,249700
2020-10-09,2339.0,2428.0,2309.0,2426.0,2225.12890625,330800
2020-10-12,2458.0,2478.0,2377.0,2415.0,2215.039794921875,252100
2020-10-13,2410.0,2428.0,2343.0,2372.0,2175.60009765625,298700
2020-10-14,2372.0,2380.0,2195.0,2248.0,2061.8671875,645200
2020-10-15,2235.0,2290.0,2192.0,2194.0,2012.33837890625,484200
2020-10-16,2168.0,2245.0,2106.0,2206.0,2023.3447265625,321200
2020-10-19,2200.0,2235.0,2115.0,2220.0,2036.185546875,353400
2020-10-20,2226.0,2266.0,2117.0,2129.0,1952.7203369140625,402200
2020-10-21,2179.0,2181.0,2051.0,2061.0,1890.3504638671875,370400
2020-10-22,2040.0,2074.0,1976.0,2002.0,1836.235595703125,414700
2020-10-23,1977.0,1989.0,1836.0,1942.0,1781.20361328125,603800
2020-10-26,1974.0,2031.0,1889.0,1905.0,1747.267333984375,372400
2020-10-27,1865.0,1987.0,1860.0,1964.0,1801.3822021484375,380700
2020-10-28,1932.0,1938.0,1843.0,1871.0,1716.08251953125,369100
2020-10-29,1842.0,1874.0,1812.0,1861.0,1706.910400390625,303200
2020-10-30,1833.0,1865.0,1760.0,1779.0,1631.699951171875,303200
2020-11-02,1779.0,1815.0,1718.0,1769.0,1622.52783203125,323600
2020-11-04,1787.0,1827.0,1746.0,1816.0,1665.6363525390625,252400
2020-11-05,1830.0,1850.0,1782.0,1795.0,1646.3751220703125,227800
2020-11-06,1825.0,1825.0,1784.0,1809.0,1659.216064453125,176600
2020-11-09,1824.0,1860.0,1803.0,1820.0,1669.30517578125,212900
2020-11-10,1780.0,1783.0,1674.0,1690.0,1550.069091796875,433500
2020-11-11,1665.0,1732.0,1636.0,1711.0,1569.330322265625,312600
2020-11-12,1712.0,1750.0,1700.0,1748.0,1603.2667236328125,172500
2020-11-13,1704.0,1708.0,1650.0,1660.0,1522.552978515625,364900
2020-11-16,1645.0,1717.0,1639.0,1693.0,1552.82080078125,241000
2020-11-17,1700.0,1709.0,1612.0,1618.0,1484.0306396484375,224800
2020-11-18,1598.0,1639.0,1586.0,1608.0,1474.858642578125,176500
2020-11-19,1605.0,1622.0,1586.0,1613.0,1479.444580078125,129000
2020-11-20,1613.0,1639.0,1590.0,1615.0,1481.279052734375,98700
2020-11-24,1644.0,1730.0,1612.0,1714.0,1572.0819091796875,363600
2020-11-25,1737.0,1755.0,1656.0,1682.0,1542.7315673828125,328600
2020-11-26,1651.0,1680.0,1621.0,1638.0,1502.374755859375,224500
2020-11-27,1630.0,1680.0,1630.0,1675.0,1536.31103515625,183700
2020-11-30,1693.0,1800.0,1685.0,1763.0,1617.024658203125,380900
2020-12-01,1772.0,1787.0,1701.0,1717.0,1574.83349609375,287700
2020-12-02,1756.0,1763.0,1709.0,1736.0,1592.2603759765625,227300
2020-12-03,1736.0,1737.0,1646.0,1658.0,1520.71875,358800
2020-12-04,1650.0,1671.0,1593.0,1627.0,1492.2855224609375,238200
2020-12-07,1620.0,1639.0,1590.0,1602.0,1469.35546875,141100
2020-12-08,1577.0,1638.0,1546.0,1636.0,1500.5404052734375,154700
2020-12-09,1621.0,1654.0,1593.0,1612.0,1478.5274658203125,181600
2020-12-10,1591.0,1641.0,1588.0,1602.0,1469.35546875,146300
2020-12-11,1600.0,1616.0,1561.0,1570.0,1440.005126953125,216300
2020-12-14,1594.0,1628.0,1585.0,1620.0,1485.8651123046875,475000
2020-12-15,1900.0,2020.0,1876.0,1989.0,1824.3121337890625,1974500
2020-12-16,1949.0,1978.0,1812.0,1861.0,1706.910400390625,1344900
2020-12-17,1862.0,1996.0,1862.0,1931.0,1771.1146240234375,753400
2020-12-18,1998.0,2058.0,1967.0,2012.0,1845.4075927734373,737100
2020-12-21,2015.0,2081.0,1972.0,1998.0,1832.56689453125,431600
2020-12-22,1972.0,1981.0,1829.0,1859.0,1705.076171875,464600
2020-12-23,1864.0,1981.0,1864.0,1960.0,1797.7132568359375,559800
2020-12-24,1940.0,1949.0,1892.0,1906.0,1748.1845703125,202900
2020-12-25,1885.0,1918.0,1837.0,1916.0,1757.3565673828125,271600
2020-12-28,1918.0,1923.0,1865.0,1877.0,1721.585693359375,234300
2020-12-29,1881.0,1966.0,1860.0,1948.0,1786.7069091796875,239000
2020-12-30,1961.0,2009.0,1907.0,1999.0,1833.4840087890625,249500
2021-01-04,2003.0,2076.0,1984.0,2072.0,1900.4398193359373,312900
2021-01-05,2031.0,2075.0,2006.0,2014.0,1847.2420654296875,247300
2021-01-06,1995.0,2045.0,1959.0,1959.0,1796.7962646484375,182500
2021-01-07,1961.0,1995.0,1943.0,1951.0,1789.45849609375,118100
2021-01-08,1970.0,2000.0,1895.0,1926.0,1766.5286865234375,204000
2021-01-12,1900.0,1900.0,1815.0,1831.0,1679.394287109375,268300
2021-01-13,1852.0,1900.0,1824.0,1858.0,1704.1588134765625,201500
2021-01-14,1848.0,1860.0,1806.0,1811.0,1661.0504150390625,195800
2021-01-15,1798.0,1798.0,1703.0,1783.0,1635.36865234375,317900
2021-01-18,1770.0,1805.0,1726.0,1805.0,1655.5472412109375,197500
2021-01-19,1765.0,1795.0,1724.0,1725.0,1582.171142578125,360100
2021-01-20,1765.0,1765.0,1720.0,1721.0,1578.5023193359375,347300
2021-01-21,1727.0,1786.0,1727.0,1779.0,1631.699951171875,481700
2021-01-22,1778.0,1810.0,1746.0,1782.0,1634.45166015625,340300
2021-01-25,1780.0,1804.0,1744.0,1782.0,1634.45166015625,259400
2021-01-26,1783.0,1784.0,1721.0,1723.0,1580.336669921875,259600
2021-01-27,1729.0,1818.0,1729.0,1784.0,1636.285888671875,342000
2021-01-28,1744.0,1808.0,1736.0,1770.0,1623.4451904296875,370900
2021-01-29,1779.0,1818.0,1743.0,1763.0,1617.024658203125,204600
2021-02-01,1757.0,1770.0,1722.0,1752.0,1606.935546875,121600
2021-02-02,1753.0,1790.0,1740.0,1759.0,1613.35595703125,116000
2021-02-03,1774.0,1835.0,1774.0,1823.0,1672.0567626953125,235300
2021-02-04,1810.0,1839.0,1766.0,1804.0,1654.6298828125,168200
2021-02-05,1815.0,1820.0,1772.0,1783.0,1635.36865234375,151500
2021-02-08,1800.0,1800.0,1760.0,1766.0,1619.7762451171875,130300
2021-02-09,1780.0,1789.0,1741.0,1766.0,1619.7762451171875,107000
2021-02-10,1761.0,1789.0,1742.0,1777.0,1629.8656005859375,110000
2021-02-12,1785.0,1790.0,1746.0,1785.0,1637.2032470703125,86100
2021-02-15,1782.0,1844.0,1777.0,1819.0,1668.3880615234375,150700
2021-02-16,1828.0,1854.0,1784.0,1790.0,1641.7891845703125,163600
2021-02-17,1783.0,1787.0,1713.0,1719.0,1576.66796875,272000
2021-02-18,1712.0,1734.0,1660.0,1701.0,1560.158447265625,154500
2021-02-19,1694.0,1694.0,1598.0,1628.0,1493.20263671875,350500
2021-02-22,1632.0,1682.0,1622.0,1672.0,1533.5594482421875,157400
2021-02-24,1650.0,1656.0,1593.0,1597.0,1464.7694091796875,239300
2021-02-25,1606.0,1653.0,1606.0,1628.0,1493.20263671875,96600
2021-02-26,1590.0,1640.0,1564.0,1619.0,1484.9478759765625,195300
2021-03-01,1638.0,1691.0,1605.0,1668.0,1529.890869140625,196300
2021-03-02,1675.0,1705.0,1635.0,1668.0,1529.890869140625,127600
2021-03-03,1678.0,1701.0,1628.0,1640.0,1504.2091064453125,102300
2021-03-04,1610.0,1630.0,1583.0,1615.0,1481.279052734375,112400
2021-03-05,1607.0,1613.0,1518.0,1585.0,1453.7630615234375,284400
2021-03-08,1616.0,1659.0,1591.0,1604.0,1471.1898193359375,198600
2021-03-09,1580.0,1586.0,1538.0,1565.0,1435.4190673828125,221600
2021-03-10,1625.0,1670.0,1584.0,1611.0,1477.6103515625,290800
2021-03-11,1588.0,1657.0,1570.0,1655.0,1517.967041015625,231800
2021-03-12,1665.0,1672.0,1630.0,1656.0,1518.8843994140625,253100
2021-03-15,1679.0,1684.0,1611.0,1635.0,1499.6231689453125,424700
2021-03-16,1577.0,1636.0,1556.0,1629.0,1494.1199951171875,773600
2021-03-17,1640.0,1726.0,1640.0,1677.0,1538.1456298828125,581300
2021-03-18,1710.0,1735.0,1664.0,1728.0,1584.9227294921875,329000
2021-03-19,1688.0,1706.0,1633.0,1669.0,1530.807861328125,367500
2021-03-22,1694.0,1739.0,1670.0,1731.0,1587.67431640625,231500
2021-03-23,1718.0,1770.0,1701.0,1710.0,1568.4132080078125,255600
2021-03-24,1697.0,1710.0,1622.0,1646.0,1509.7122802734375,281600
2021-03-25,1670.0,1670.0,1585.0,1613.0,1479.444580078125,260200
2021-03-26,1636.0,1642.0,1599.0,1611.0,1477.6103515625,244200
2021-03-29,1628.0,1637.0,1575.0,1590.0,1458.3489990234375,221300
2021-03-30,1600.0,1626.0,1580.0,1615.0,1481.279052734375,124900
2021-03-31,1616.0,1643.0,1604.0,1635.0,1499.6231689453125,134600
2021-04-01,1636.0,1704.0,1636.0,1692.0,1551.9036865234375,222700
2021-04-02,1700.0,1749.0,1700.0,1743.0,1598.6807861328125,285900
2021-04-05,1762.0,1791.0,1744.0,1785.0,1637.2032470703125,251000
2021-04-06,1795.0,1813.0,1720.0,1732.0,1588.5914306640625,189600
2021-04-07,1755.0,1775.0,1737.0,1740.0,1595.92919921875,142100
2021-04-08,1774.0,1783.0,1717.0,1734.0,1590.4259033203125,175900
2021-04-09,1747.0,1777.0,1730.0,1774.0,1627.1138916015625,144500
2021-04-12,1775.0,1779.0,1724.0,1742.0,1597.763427734375,172600
2021-04-13,1760.0,1824.0,1747.0,1822.0,1671.1395263671875,264900
2021-04-14,1820.0,1839.0,1792.0,1825.0,1673.89111328125,200800
2021-04-15,1807.0,1812.0,1724.0,1734.0,1590.4259033203125,237800
2021-04-16,1755.0,1766.0,1735.0,1744.0,1599.597900390625,134100
2021-04-19,1762.0,1827.0,1746.0,1812.0,1661.9677734375,228000
2021-04-20,1785.0,1813.0,1770.0,1776.0,1628.9483642578125,109000
2021-04-21,1754.0,1758.0,1666.0,1669.0,1530.807861328125,240300
2021-04-22,1680.0,1707.0,1667.0,1687.0,1547.3175048828125,102200
2021-04-23,1685.0,1696.0,1650.0,1659.0,1521.635986328125,99300
2021-04-26,1674.0,1683.0,1640.0,1673.0,1534.476806640625,91100
2021-04-27,1667.0,1696.0,1650.0,1655.0,1517.967041015625,207600
2021-04-28,1651.0,1670.0,1625.0,1636.0,1507.8289794921875,144100
2021-04-30,1625.0,1625.0,1586.0,1587.0,1462.667724609375,174400
2021-05-06,1597.0,1600.0,1568.0,1574.0,1450.686279296875,100700
2021-05-07,1565.0,1595.0,1554.0,1572.0,1448.8428955078125,123100
2021-05-10,1590.0,1603.0,1562.0,1583.0,1458.9810791015625,124100
2021-05-11,1584.0,1588.0,1534.0,1543.0,1422.1148681640625,133700
2021-05-12,1548.0,1570.0,1458.0,1468.0,1352.9908447265625,265400
2021-05-13,1438.0,1460.0,1404.0,1421.0,1309.6729736328125,272400
2021-05-14,1425.0,1492.0,1410.0,1485.0,1368.658935546875,140900
2021-05-17,1495.0,1499.0,1439.0,1465.0,1350.225830078125,98200
2021-05-18,1465.0,1513.0,1465.0,1507.0,1388.9354248046875,54500
2021-05-19,1486.0,1549.0,1485.0,1540.0,1419.349853515625,90600
2021-05-20,1540.0,1555.0,1518.0,1531.0,1411.0550537109375,57300
2021-05-21,1558.0,1560.0,1534.0,1546.0,1424.8798828125,56900
2021-05-24,1550.0,1562.0,1526.0,1529.0,1409.211669921875,50900
2021-05-25,1554.0,1565.0,1536.0,1553.0,1431.3314208984375,54500
2021-05-26,1563.0,1573.0,1545.0,1547.0,1425.8016357421875,68400
2021-05-27,1548.0,1549.0,1511.0,1511.0,1392.621826171875,50800
2021-05-28,1515.0,1526.0,1497.0,1508.0,1389.85693359375,72400
2021-05-31,1509.0,1513.0,1483.0,1494.0,1376.9537353515625,84100
2021-06-01,1512.0,1596.0,1493.0,1579.0,1455.29443359375,188100
2021-06-02,1579.0,1600.0,1566.0,1594.0,1469.119384765625,79800
2021-06-03,1608.0,1620.0,1594.0,1610.0,1483.8658447265625,89000
2021-06-04,1606.0,1606.0,1561.0,1568.0,1445.15625,92400
2021-06-07,1590.0,1664.0,1564.0,1651.0,1521.6536865234375,180100
2021-06-08,1647.0,1672.0,1633.0,1657.0,1527.1834716796875,87300
2021-06-09,1666.0,1666.0,1635.0,1666.0,1535.478515625,56400
2021-06-10,1670.0,1673.0,1620.0,1633.0,1505.0638427734375,80100
2021-06-11,1657.0,1665.0,1622.0,1632.0,1504.1422119140625,78200
2021-06-14,1650.0,1708.0,1630.0,1690.0,1557.59814453125,255400
2021-06-15,1720.0,1732.0,1601.0,1680.0,1548.3817138671875,528200
2021-06-16,1652.0,1665.0,1560.0,1577.0,1453.4512939453125,373100
2021-06-17,1559.0,1559.0,1480.0,1495.0,1377.87548828125,518800
2021-06-18,1510.0,1510.0,1453.0,1458.0,1343.774169921875,289900
2021-06-21,1412.0,1470.0,1410.0,1458.0,1343.774169921875,221700
2021-06-22,1478.0,1497.0,1460.0,1471.0,1355.755615234375,131100
2021-06-23,1485.0,1514.0,1470.0,1510.0,1391.7003173828125,115100
2021-06-24,1511.0,1542.0,1495.0,1532.0,1411.9766845703125,178700
2021-06-25,1540.0,1540.0,1523.0,1535.0,1414.7415771484375,61200
2021-06-28,1536.0,1561.0,1526.0,1560.0,1437.782958984375,110900
2021-06-29,1565.0,1578.0,1547.0,1556.0,1434.096435546875,104100
2021-06-30,1570.0,1577.0,1533.0,1533.0,1412.8983154296875,83900
2021-07-01,1515.0,1515.0,1487.0,1487.0,1370.5020751953125,115600
2021-07-02,1487.0,1500.0,1473.0,1479.0,1363.12890625,58800
2021-07-05,1480.0,1489.0,1451.0,1457.0,1342.8524169921875,79100
2021-07-06,1481.0,1481.0,1448.0,1451.0,1337.3226318359375,50000
2021-07-07,1446.0,1452.0,1430.0,1432.0,1319.81103515625,52300
2021-07-08,1432.0,1438.0,1403.0,1406.0,1295.84814453125,112300
2021-07-09,1390.0,1436.0,1380.0,1435.0,1322.5760498046875,118400
2021-07-12,1467.0,1496.0,1457.0,1479.0,1363.12890625,133500
2021-07-13,1486.0,1555.0,1486.0,1528.0,1408.2900390625,225800
2021-07-14,1501.0,1535.0,1500.0,1529.0,1409.211669921875,56400
2021-07-15,1531.0,1539.0,1501.0,1504.0,1386.1702880859375,61000
2021-07-16,1481.0,1518.0,1469.0,1495.0,1377.87548828125,76500
2021-07-19,1485.0,1517.0,1480.0,1514.0,1395.3868408203125,72500
2021-07-20,1502.0,1532.0,1490.0,1499.0,1381.56201171875,55000
2021-07-21,1519.0,1533.0,1506.0,1524.0,1404.6033935546875,45300
2021-07-26,1533.0,1569.0,1533.0,1547.0,1425.8016357421875,79500
2021-07-27,1523.0,1550.0,1517.0,1532.0,1411.9766845703125,49300
2021-07-28,1517.0,1531.0,1501.0,1516.0,1397.2301025390625,77500
2021-07-29,1529.0,1570.0,1524.0,1559.0,1436.8614501953125,93900
2021-07-30,1572.0,1590.0,1543.0,1556.0,1434.096435546875,111800
2021-08-02,1569.0,1575.0,1537.0,1558.0,1435.939697265625,78000
2021-08-03,1561.0,1583.0,1552.0,1552.0,1430.4097900390625,73900
2021-08-04,1553.0,1560.0,1511.0,1516.0,1397.2301025390625,47700
2021-08-05,1500.0,1548.0,1495.0,1541.0,1420.2716064453125,55200
2021-08-06,1528.0,1555.0,1528.0,1545.0,1423.958251953125,41500
2021-08-10,1544.0,1586.0,1544.0,1580.0,1456.2161865234375,71500
2021-08-11,1588.0,1597.0,1564.0,1581.0,1457.1376953125,99700
2021-08-12,1582.0,1605.0,1572.0,1586.0,1461.74609375,64500
2021-08-13,1605.0,1625.0,1584.0,1607.0,1481.100830078125,100700
2021-08-16,1592.0,1599.0,1560.0,1577.0,1453.4512939453125,63200
2021-08-17,1599.0,1622.0,1586.0,1591.0,1466.3543701171875,82000
2021-08-18,1586.0,1646.0,1578.0,1630.0,1502.2989501953125,177400
2021-08-19,1620.0,1653.0,1599.0,1606.0,1480.1793212890625,130100
2021-08-20,1605.0,1613.0,1573.0,1583.0,1458.9810791015625,82000
2021-08-23,1590.0,1665.0,1590.0,1638.0,1509.672119140625,151400
2021-08-24,1630.0,1655.0,1623.0,1629.0,1501.3773193359375,81900
2021-08-25,1640.0,1650.0,1614.0,1622.0,1494.9256591796875,58400
2021-08-26,1623.0,1653.0,1622.0,1648.0,1518.888671875,101200
2021-08-27,1640.0,1666.0,1619.0,1641.0,1512.4371337890625,127000
2021-08-30,1656.0,1671.0,1632.0,1652.0,1522.5753173828125,80300
2021-08-31,1645.0,1681.0,1645.0,1673.0,1541.93017578125,109800
2021-09-01,1673.0,1686.0,1658.0,1686.0,1553.9117431640625,65600
2021-09-02,1686.0,1690.0,1622.0,1624.0,1496.7691650390625,202600
2021-09-03,1615.0,1636.0,1581.0,1613.0,1486.630615234375,250200
2021-09-06,1621.0,1648.0,1612.0,1642.0,1513.3587646484375,127800
2021-09-07,1651.0,1666.0,1613.0,1621.0,1494.004150390625,141500
2021-09-08,1620.0,1657.0,1602.0,1657.0,1527.1834716796875,105700
2021-09-09,1645.0,1657.0,1615.0,1627.0,1499.533935546875,107500
2021-09-10,1622.0,1654.0,1612.0,1652.0,1522.5753173828125,127000
2021-09-13,1644.0,1662.0,1609.0,1616.0,1489.395751953125,249200
2021-09-14,1406.0,1494.0,1389.0,1456.0,1341.9307861328125,911400
2021-09-15,1434.0,1434.0,1386.0,1390.0,1281.1015625,507300
2021-09-16,1395.0,1403.0,1344.0,1346.0,1240.5487060546875,371900
2021-09-17,1345.0,1391.0,1343.0,1379.0,1270.9632568359375,241700
2021-09-21,1328.0,1347.0,1321.0,1323.0,1219.3505859375,196300
2021-09-22,1339.0,1343.0,1300.0,1300.0,1198.1524658203125,165000
2021-09-24,1340.0,1352.0,1324.0,1351.0,1245.1571044921875,143100
2021-09-27,1363.0,1377.0,1338.0,1340.0,1235.0186767578125,158500
2021-09-28,1345.0,1345.0,1301.0,1318.0,1214.7423095703125,126000
2021-09-29,1318.0,1358.0,1318.0,1356.0,1249.765380859375,155000
2021-09-30,1360.0,1409.0,1360.0,1403.0,1293.0831298828125,266300
2021-10-01,1405.0,1419.0,1395.0,1403.0,1293.0831298828125,220600
2021-10-04,1406.0,1426.0,1397.0,1405.0,1294.9263916015625,142400
2021-10-05,1391.0,1411.0,1370.0,1393.0,1283.866455078125,192400
2021-10-06,1400.0,1453.0,1393.0,1433.0,1320.7327880859375,206100
2021-10-07,1445.0,1486.0,1444.0,1464.0,1349.3040771484375,174400
2021-10-08,1486.0,1495.0,1462.0,1462.0,1347.460693359375,115900
2021-10-11,1490.0,1490.0,1451.0,1463.0,1348.382568359375,89800
2021-10-12,1465.0,1470.0,1428.0,1444.0,1330.8709716796875,76400
2021-10-13,1435.0,1442.0,1386.0,1393.0,1283.866455078125,78000
2021-10-14,1396.0,1424.0,1394.0,1400.0,1290.318115234375,85700
2021-10-15,1415.0,1449.0,1410.0,1424.0,1312.4378662109375,117700
2021-10-18,1434.0,1462.0,1426.0,1438.0,1325.341064453125,67400
2021-10-19,1438.0,1445.0,1403.0,1412.0,1301.3779296875,67400
2021-10-20,1428.0,1429.0,1394.0,1394.0,1284.7880859375,69200
2021-10-21,1388.0,1402.0,1368.0,1368.0,1260.8250732421875,76000
2021-10-22,1364.0,1376.0,1350.0,1350.0,1244.2352294921875,59900
2021-10-25,1342.0,1342.0,1315.0,1322.0,1218.4290771484375,88500
2021-10-26,1323.0,1332.0,1313.0,1313.0,1210.1341552734375,65800
2021-10-27,1301.0,1307.0,1276.0,1285.0,1184.32763671875,163300
2021-10-28,1284.0,1284.0,1251.0,1259.0,1160.3646240234375,119800
2021-10-29,1262.0,1277.0,1235.0,1235.0,1138.2449951171875,100500
2021-11-01,1257.0,1283.0,1251.0,1283.0,1182.4844970703125,80800
2021-11-02,1268.0,1276.0,1255.0,1262.0,1163.129638671875,40200
2021-11-04,1281.0,1285.0,1262.0,1278.0,1177.876220703125,47400
2021-11-05,1278.0,1286.0,1243.0,1264.0,1164.972900390625,45300
2021-11-08,1257.0,1263.0,1248.0,1260.0,1161.286376953125,55100
2021-11-09,1263.0,1296.0,1261.0,1272.0,1172.34619140625,106200
2021-11-10,1258.0,1270.0,1238.0,1239.0,1141.9315185546875,70300
2021-11-11,1225.0,1227.0,1208.0,1222.0,1126.2633056640625,98700
2021-11-12,1222.0,1258.0,1220.0,1244.0,1146.539794921875,100400
2021-11-15,1257.0,1294.0,1257.0,1287.0,1186.1708984375,109100
2021-11-16,1284.0,1288.0,1269.0,1281.0,1180.64111328125,58100
2021-11-17,1288.0,1294.0,1258.0,1273.0,1173.267822265625,76500
2021-11-18,1264.0,1271.0,1224.0,1247.0,1149.3048095703125,117200
2021-11-19,1251.0,1261.0,1227.0,1239.0,1141.9315185546875,67500
2021-11-22,1239.0,1251.0,1225.0,1245.0,1147.4615478515625,62800
2021-11-24,1228.0,1229.0,1189.0,1189.0,1095.8487548828125,92300
2021-11-25,1192.0,1192.0,1155.0,1158.0,1067.2774658203125,78700
2021-11-26,1154.0,1161.0,1131.0,1156.0,1065.43408203125,70100
2021-11-29,1131.0,1147.0,1109.0,1112.0,1024.8812255859375,80400
2021-11-30,1142.0,1149.0,1101.0,1109.0,1022.1163330078124,113600
2021-12-01,1087.0,1105.0,1045.0,1100.0,1013.8212890625,172000
2021-12-02,1070.0,1090.0,1051.0,1051.0,968.6602172851562,134800
2021-12-03,1050.0,1097.0,1035.0,1093.0,1007.3698120117188,111100
2021-12-06,1075.0,1095.0,1059.0,1085.0,999.9965209960938,67100
2021-12-07,1103.0,1140.0,1099.0,1135.0,1046.0792236328125,132800
2021-12-08,1155.0,1160.0,1128.0,1134.0,1045.15771484375,109400
2021-12-09,1134.0,1147.0,1117.0,1124.0,1035.941162109375,90600
2021-12-10,1121.0,1121.0,1085.0,1088.0,1002.7614135742188,78600
2021-12-13,1088.0,1111.0,1061.0,1065.0,981.5634155273438,128600
2021-12-14,1215.0,1290.0,1181.0,1278.0,1177.876220703125,1788700
2021-12-15,1292.0,1316.0,1216.0,1266.0,1166.8162841796875,976200
2021-12-16,1293.0,1369.0,1290.0,1349.0,1243.3135986328125,631300
2021-12-17,1319.0,1328.0,1266.0,1321.0,1217.5072021484375,491300
2021-12-20,1271.0,1298.0,1240.0,1272.0,1172.34619140625,279600
2021-12-21,1300.0,1324.0,1245.0,1315.0,1211.977294921875,234300
2021-12-22,1328.0,1354.0,1316.0,1324.0,1220.2723388671875,205900
2021-12-23,1329.0,1350.0,1285.0,1315.0,1211.977294921875,189100
2021-12-24,1310.0,1316.0,1256.0,1266.0,1166.8162841796875,209900
2021-12-27,1254.0,1258.0,1223.0,1237.0,1140.0882568359375,179000
2021-12-28,1258.0,1278.0,1241.0,1273.0,1173.267822265625,110800
2021-12-29,1272.0,1311.0,1272.0,1304.0,1201.8392333984375,93500
2021-12-30,1292.0,1328.0,1291.0,1325.0,1221.1939697265625,119000
2022-01-04,1326.0,1333.0,1253.0,1267.0,1167.7379150390625,156800
2022-01-05,1251.0,1251.0,1225.0,1233.0,1136.401611328125,127700
2022-01-06,1212.0,1247.0,1212.0,1231.0,1134.558349609375,94900
2022-01-07,1231.0,1253.0,1174.0,1205.0,1110.5953369140625,164800
2022-01-11,1200.0,1200.0,1155.0,1179.0,1086.632080078125,162100
2022-01-12,1209.0,1220.0,1191.0,1202.0,1107.8302001953125,119600
2022-01-13,1181.0,1200.0,1165.0,1176.0,1083.8671875,108000
2022-01-14,1167.0,1168.0,1129.0,1130.0,1041.470947265625,115400
2022-01-17,1124.0,1129.0,1093.0,1101.0,1014.7430419921876,94800
2022-01-18,1113.0,1134.0,1094.0,1098.0,1011.9779663085938,119900
2022-01-19,1081.0,1090.0,1040.0,1046.0,964.052001953125,99700
2022-01-20,1058.0,1093.0,1045.0,1078.0,993.544921875,118000
2022-01-21,1048.0,1062.0,1036.0,1056.0,973.2684326171876,109000
2022-01-24,1042.0,1064.0,1031.0,1055.0,972.3468017578124,120300
2022-01-25,1072.0,1075.0,996.0,1003.0,924.4207763671876,166300
2022-01-26,998.0,1021.0,996.0,1000.0,921.6558227539062,129900
2022-01-27,1005.0,1016.0,950.0,956.0,881.1029663085938,194000
2022-01-28,969.0,985.0,942.0,968.0,892.162841796875,351800
2022-01-31,976.0,1029.0,976.0,1015.0,935.4805908203124,177200
2022-02-01,1105.0,1139.0,1083.0,1105.0,1018.4296875,263100
2022-02-02,1127.0,1150.0,1120.0,1138.0,1048.8443603515625,190600
2022-02-03,1108.0,1124.0,1078.0,1094.0,1008.2914428710938,127800
2022-02-04,1080.0,1088.0,1057.0,1082.0,997.2315673828124,60500
2022-02-07,1097.0,1109.0,1071.0,1082.0,997.2315673828124,61200
2022-02-08,1076.0,1091.0,1053.0,1054.0,971.4252319335938,79300
2022-02-09,1080.0,1101.0,1065.0,1099.0,1012.8997802734376,87600
2022-02-10,1127.0,1135.0,1097.0,1104.0,1017.508056640625,71000
2022-02-14,1076.0,1083.0,1053.0,1076.0,991.7015380859376,51600
2022-02-15,1087.0,1095.0,1066.0,1070.0,986.171630859375,55300
2022-02-16,1100.0,1110.0,1089.0,1109.0,1022.1163330078124,76300
2022-02-17,1104.0,1113.0,1081.0,1088.0,1002.7614135742188,99300
2022-02-18,1061.0,1109.0,1061.0,1105.0,1018.4296875,82500
2022-02-21,1092.0,1149.0,1092.0,1136.0,1047.0009765625,97100
2022-02-22,1106.0,1151.0,1100.0,1101.0,1014.7430419921876,92600
2022-02-24,1085.0,1107.0,1057.0,1080.0,995.3882446289062,104800
2022-02-25,1104.0,1171.0,1103.0,1171.0,1079.259033203125,156900
2022-02-28,1154.0,1194.0,1145.0,1194.0,1100.4569091796875,91700
2022-03-01,1203.0,1228.0,1178.0,1219.0,1123.4984130859375,137000
2022-03-02,1189.0,1197.0,1130.0,1155.0,1064.5123291015625,131800
2022-03-03,1179.0,1184.0,1149.0,1149.0,1058.9825439453125,65900
2022-03-04,1121.0,1128.0,1099.0,1116.0,1028.56787109375,76900
2022-03-07,1080.0,1086.0,1038.0,1049.0,966.8169555664062,154700
2022-03-08,1019.0,1034.0,991.0,1012.0,932.7156372070312,185900
2022-03-09,1011.0,1024.0,981.0,1000.0,921.6558227539062,117700
2022-03-10,1047.0,1059.0,1037.0,1058.0,975.11181640625,95400
2022-03-11,1027.0,1039.0,1000.0,1017.0,937.3239135742188,90700
2022-03-14,1031.0,1086.0,1028.0,1045.0,963.1303100585938,241300
2022-03-15,1058.0,1165.0,1054.0,1156.0,1065.43408203125,448400
2022-03-16,1184.0,1205.0,1117.0,1143.0,1053.45263671875,361600
2022-03-17,1173.0,1187.0,1135.0,1183.0,1090.31884765625,230100
2022-03-18,1163.0,1175.0,1153.0,1156.0,1065.43408203125,183800
2022-03-22,1174.0,1174.0,1113.0,1133.0,1044.236083984375,208600
2022-03-23,1137.0,1172.0,1124.0,1170.0,1078.337158203125,188300
2022-03-24,1157.0,1189.0,1134.0,1189.0,1095.8487548828125,143200
2022-03-25,1193.0,1193.0,1143.0,1166.0,1074.6507568359375,120500
2022-03-28,1146.0,1147.0,1085.0,1089.0,1003.6831665039062,192800
2022-03-29,1112.0,1129.0,1089.0,1113.0,1025.8028564453125,120100
2022-03-30,1135.0,1176.0,1127.0,1172.0,1080.1806640625,157800
2022-03-31,1161.0,1182.0,1144.0,1177.0,1084.788818359375,84800
2022-04-01,1173.0,1173.0,1124.0,1159.0,1068.198974609375,104200
2022-04-04,1161.0,1199.0,1140.0,1195.0,1101.378662109375,112000
2022-04-05,1209.0,1223.0,1185.0,1213.0,1117.968505859375,111000
2022-04-06,1200.0,1212.0,1176.0,1209.0,1114.28173828125,97000
2022-04-07,1185.0,1223.0,1182.0,1207.0,1112.4384765625,104000
2022-04-08,1208.0,1230.0,1197.0,1222.0,1126.2633056640625,187700
2022-04-11,1222.0,1253.0,1211.0,1246.0,1148.383056640625,249300
2022-04-12,1229.0,1234.0,1181.0,1215.0,1119.8118896484375,201800
2022-04-13,1215.0,1235.0,1207.0,1223.0,1127.1849365234375,97500
2022-04-14,1221.0,1224.0,1193.0,1199.0,1105.065185546875,147600
2022-04-15,1188.0,1199.0,1150.0,1150.0,1059.904052734375,125100
2022-04-18,1125.0,1139.0,1093.0,1103.0,1016.5862426757812,115000
2022-04-19,1118.0,1128.0,1100.0,1101.0,1014.7430419921876,74000
2022-04-20,1101.0,1107.0,1094.0,1099.0,1012.8997802734376,61000
2022-04-21,1099.0,1102.0,1079.0,1096.0,1010.1348876953124,98200
2022-04-22,1071.0,1094.0,1070.0,1090.0,1004.6048583984376,96800
2022-04-25,1062.0,1068.0,1041.0,1041.0,959.4437255859376,141400
2022-04-26,1046.0,1090.0,1046.0,1079.0,994.466552734375,192200
2022-04-27,1059.0,1119.0,1039.0,1119.0,1053.296875,188200
2022-04-28,1110.0,1115.0,1087.0,1109.0,1043.884033203125,92600
2022-05-02,1106.0,1106.0,1060.0,1069.0,1006.2327270507812,103100
2022-05-06,1096.0,1096.0,1060.0,1071.0,1008.1151123046876,57200
2022-05-09,1079.0,1079.0,1055.0,1068.0,1005.2913208007812,72700
2022-05-10,1065.0,1065.0,1040.0,1050.0,988.3482055664062,83800
2022-05-11,1051.0,1063.0,1040.0,1050.0,988.3482055664062,61200
2022-05-12,1048.0,1048.0,1014.0,1019.0,959.16845703125,58100
2022-05-13,1025.0,1052.0,1025.0,1042.0,980.8179931640624,110400
2022-05-16,1050.0,1060.0,1034.0,1053.0,991.1720581054688,88100
2022-05-17,1049.0,1060.0,1038.0,1055.0,993.0546264648438,60000
2022-05-18,1054.0,1059.0,1038.0,1050.0,988.3482055664062,70100
2022-05-19,1034.0,1056.0,1030.0,1049.0,987.406982421875,54500
2022-05-20,1042.0,1087.0,1039.0,1087.0,1023.17578125,67200
2022-05-23,1089.0,1125.0,1088.0,1125.0,1058.944580078125,85000
2022-05-24,1127.0,1148.0,1117.0,1138.0,1071.1812744140625,94000
2022-05-25,1130.0,1139.0,1108.0,1127.0,1060.8271484375,77400
2022-05-26,1139.0,1157.0,1126.0,1149.0,1081.535400390625,83700
2022-05-27,1166.0,1175.0,1159.0,1175.0,1106.0086669921875,76900
2022-05-30,1178.0,1234.0,1178.0,1233.0,1160.603271484375,185400
2022-05-31,1226.0,1239.0,1195.0,1230.0,1157.7794189453125,101000
2022-06-01,1236.0,1253.0,1221.0,1248.0,1174.7225341796875,71700
2022-06-02,1230.0,1230.0,1212.0,1216.0,1144.6014404296875,41800
2022-06-03,1225.0,1238.0,1222.0,1230.0,1157.7794189453125,37500
2022-06-06,1220.0,1242.0,1211.0,1241.0,1168.1334228515625,49200
2022-06-07,1244.0,1244.0,1205.0,1214.0,1142.71875,35600
2022-06-08,1209.0,1223.0,1201.0,1221.0,1149.307861328125,25700
2022-06-09,1210.0,1239.0,1206.0,1226.0,1154.01416015625,34200
2022-06-10,1203.0,1215.0,1190.0,1209.0,1138.0123291015625,49400
2022-06-13,1180.0,1213.0,1165.0,1179.0,1109.7738037109375,135200
2022-06-14,1059.0,1098.0,1008.0,1061.0,998.7023315429688,546400
2022-06-15,1070.0,1135.0,1015.0,1020.0,960.1097412109376,227100
2022-06-16,1050.0,1062.0,998.0,1001.0,942.2252807617188,207000
2022-06-17,975.0,987.0,959.0,979.0,921.51708984375,163500
2022-06-20,990.0,1001.0,929.0,935.0,880.1005859375,170600
2022-06-21,936.0,975.0,936.0,970.0,913.0454711914062,74100
2022-06-22,995.0,999.0,961.0,988.0,929.9886474609376,119600
2022-06-23,985.0,998.0,970.0,984.0,926.2234497070312,65900
2022-06-24,1004.0,1030.0,998.0,1019.0,959.16845703125,98400
2022-06-27,1025.0,1044.0,994.0,1042.0,980.8179931640624,114400
2022-06-28,1021.0,1055.0,1018.0,1053.0,991.1720581054688,69100
2022-06-29,1040.0,1065.0,1023.0,1062.0,999.6436157226562,95800
2022-06-30,1053.0,1093.0,1053.0,1087.0,1023.17578125,77400
2022-07-01,1065.0,1070.0,1009.0,1017.0,957.2858276367188,127200
2022-07-04,1036.0,1051.0,1010.0,1038.0,977.0528564453124,57900
2022-07-05,1041.0,1078.0,1041.0,1058.0,995.8784790039062,89900
2022-07-06,1074.0,1089.0,1055.0,1081.0,1017.5281372070312,62400
2022-07-07,1055.0,1061.0,1033.0,1054.0,992.1134033203124,67000
2022-07-08,1059.0,1102.0,1059.0,1075.0,1011.88037109375,147200
2022-07-11,1075.0,1087.0,1052.0,1059.0,996.81982421875,75900
2022-07-12,1046.0,1046.0,999.0,1011.0,951.63818359375,155300
2022-07-13,1014.0,1021.0,995.0,1021.0,961.051025390625,52300
2022-07-14,1006.0,1010.0,992.0,1002.0,943.1665649414062,81900
2022-07-15,1002.0,1002.0,991.0,993.0,934.6950073242188,69600
2022-07-19,1000.0,1002.0,984.0,987.0,929.0473022460938,71200
2022-07-20,1001.0,1003.0,986.0,993.0,934.6950073242188,89800
2022-07-21,997.0,1031.0,997.0,1027.0,966.6986694335938,87200
2022-07-22,1020.0,1033.0,1013.0,1031.0,970.4638061523438,42100
2022-07-25,1019.0,1025.0,1010.0,1016.0,956.3446044921876,46600
2022-07-26,1010.0,1013.0,994.0,1008.0,948.8142700195312,52800
2022-07-27,1000.0,1005.0,990.0,1003.0,944.10791015625,62500
2022-07-28,1008.0,1052.0,1008.0,1046.0,984.5831298828124,115400
2022-07-29,1051.0,1068.0,1050.0,1051.0,989.2894897460938,72600
2022-08-01,1049.0,1092.0,1046.0,1088.0,1024.116943359375,70800
2022-08-02,1088.0,1099.0,1071.0,1077.0,1013.762939453125,81200
2022-08-03,1077.0,1093.0,1072.0,1074.0,1010.9390869140624,65200
2022-08-04,1085.0,1134.0,1080.0,1122.0,1056.1207275390625,77100
2022-08-05,1112.0,1133.0,1108.0,1130.0,1063.65087890625,57400
2022-08-08,1125.0,1130.0,1108.0,1124.0,1058.0032958984375,62000
2022-08-09,1119.0,1135.0,1110.0,1130.0,1063.65087890625,62700
2022-08-10,1115.0,1120.0,1106.0,1111.0,1045.7666015625,44400
2022-08-12,1105.0,1154.0,1105.0,1148.0,1080.5941162109375,46700
2022-08-15,1164.0,1164.0,1136.0,1157.0,1089.065673828125,32900
2022-08-16,1157.0,1189.0,1148.0,1186.0,1116.3629150390625,77500
2022-08-17,1193.0,1215.0,1189.0,1205.0,1134.247314453125,62600
2022-08-18,1192.0,1210.0,1187.0,1194.0,1123.89306640625,60400
2022-08-19,1190.0,1203.0,1163.0,1169.0,1100.361083984375,65200
2022-08-22,1142.0,1143.0,1118.0,1125.0,1058.944580078125,68900
2022-08-23,1122.0,1143.0,1103.0,1109.0,1043.884033203125,69100
2022-08-24,1110.0,1140.0,1110.0,1139.0,1072.12255859375,47400
2022-08-25,1146.0,1147.0,1118.0,1132.0,1065.533447265625,51800
2022-08-26,1131.0,1131.0,1113.0,1117.0,1051.4141845703125,34500
2022-08-29,1080.0,1095.0,1075.0,1092.0,1027.8822021484375,47400
2022-08-30,1095.0,1103.0,1080.0,1103.0,1038.2362060546875,46700
2022-08-31,1085.0,1094.0,1079.0,1092.0,1027.8822021484375,36100
2022-09-01,1092.0,1092.0,1059.0,1072.0,1009.0565185546876,51600
2022-09-02,1074.0,1083.0,1070.0,1083.0,1019.4105834960938,41700
2022-09-05,1069.0,1095.0,1063.0,1088.0,1024.116943359375,32800
2022-09-06,1080.0,1110.0,1080.0,1101.0,1036.353759765625,41200
2022-09-07,1090.0,1090.0,1065.0,1079.0,1015.6454467773438,36400
2022-09-08,1096.0,1101.0,1079.0,1089.0,1025.058349609375,121500
2022-09-09,1070.0,1081.0,1046.0,1046.0,984.5831298828124,169000
2022-09-12,1050.0,1059.0,1041.0,1059.0,996.81982421875,76300
2022-09-13,1053.0,1060.0,1045.0,1048.0,986.4656372070312,66300
2022-09-14,1020.0,1036.0,1013.0,1020.0,960.1097412109376,132900
2022-09-15,1012.0,1052.0,996.0,1028.0,967.6399536132812,225700
2022-09-16,1020.0,1028.0,989.0,995.0,936.57763671875,143200
2022-09-20,988.0,990.0,958.0,959.0,902.69140625,193700
2022-09-21,947.0,947.0,906.0,922.0,867.8638916015625,201100
2022-09-22,907.0,908.0,890.0,898.0,845.2730712890625,186700
2022-09-26,888.0,888.0,845.0,846.0,796.3262939453125,271700
2022-09-27,845.0,861.0,845.0,861.0,810.4454956054688,148800
2022-09-28,851.0,856.0,815.0,833.0,784.089599609375,194200
2022-09-29,848.0,869.0,845.0,868.0,817.0345458984375,147900
2022-09-30,846.0,878.0,840.0,860.0,809.5042724609375,144200
2022-10-03,859.0,878.0,848.0,877.0,825.5060424804688,97500
2022-10-04,897.0,901.0,888.0,889.0,836.801513671875,130200
2022-10-05,900.0,907.0,889.0,896.0,843.3905029296875,91200
2022-10-06,895.0,911.0,894.0,903.0,849.9794921875,89500
2022-10-07,903.0,925.0,903.0,915.0,861.2748413085938,136400
2022-10-11,907.0,917.0,892.0,896.0,843.3905029296875,88200
2022-10-12,888.0,911.0,885.0,902.0,849.0381469726562,86300
2022-10-13,902.0,903.0,894.0,895.0,842.44921875,74000
2022-10-14,896.0,897.0,881.0,883.0,831.1537475585938,111300
2022-10-17,875.0,886.0,870.0,886.0,833.9776611328125,58000
2022-10-18,890.0,905.0,889.0,905.0,851.862060546875,62600
2022-10-19,905.0,917.0,901.0,906.0,852.8033447265625,67500
2022-10-20,896.0,903.0,885.0,899.0,846.2142944335938,86400
2022-10-21,890.0,895.0,880.0,888.0,835.8602294921875,91400
2022-10-24,890.0,894.0,862.0,862.0,811.3868408203125,130000
2022-10-25,863.0,870.0,861.0,861.0,810.4454956054688,76000
2022-10-26,861.0,872.0,850.0,850.0,800.0914306640625,101300
2022-10-27,852.0,868.0,850.0,865.0,814.2107543945312,185800
2022-10-28,854.0,874.0,846.0,872.0,820.7996826171875,179400
2022-10-31,872.0,872.0,848.0,853.0,802.915283203125,70400
2022-11-01,858.0,858.0,833.0,835.0,785.97216796875,82900
2022-11-02,830.0,830.0,820.0,821.0,772.794189453125,86200
2022-11-04,814.0,814.0,799.0,800.0,753.0272216796875,114800
2022-11-07,805.0,823.0,803.0,821.0,772.794189453125,73500
2022-11-08,816.0,828.0,815.0,815.0,767.146484375,59200
2022-11-09,816.0,830.0,813.0,830.0,781.2656860351562,78000
2022-11-10,822.0,835.0,815.0,831.0,782.20703125,64600
2022-11-11,836.0,866.0,836.0,866.0,815.1519775390625,102200
2022-11-14,868.0,880.0,863.0,871.0,819.8583374023438,64900
2022-11-15,866.0,876.0,856.0,873.0,821.740966796875,60800
2022-11-16,873.0,879.0,870.0,876.0,824.5647583007812,31400
2022-11-17,875.0,891.0,870.0,889.0,836.801513671875,73900
2022-11-18,885.0,894.0,875.0,882.0,830.2125244140625,106600
2022-11-21,884.0,889.0,876.0,885.0,833.036376953125,75600
2022-11-22,881.0,890.0,875.0,877.0,825.5060424804688,78400
2022-11-24,884.0,893.0,883.0,892.0,839.6253051757812,62400
2022-11-25,895.0,901.0,885.0,887.0,834.9189453125,117300
2022-11-28,884.0,887.0,872.0,883.0,831.1537475585938,70100
2022-11-29,879.0,888.0,870.0,884.0,832.0950927734375,31200
2022-11-30,877.0,886.0,873.0,881.0,829.2713012695312,65800
2022-12-01,888.0,888.0,880.0,881.0,829.2713012695312,37800
2022-12-02,878.0,885.0,873.0,884.0,832.0950927734375,57200
2022-12-05,880.0,885.0,873.0,882.0,830.2125244140625,48400
2022-12-06,882.0,882.0,867.0,874.0,822.6822509765625,41500
2022-12-07,867.0,879.0,867.0,877.0,825.5060424804688,30500
2022-12-08,877.0,879.0,847.0,861.0,810.4454956054688,65300
2022-12-09,857.0,872.0,856.0,869.0,817.975830078125,37000
2022-12-12,859.0,865.0,848.0,848.0,798.2088623046875,56400
2022-12-13,848.0,855.0,844.0,852.0,801.9739379882812,47100
2022-12-14,852.0,852.0,824.0,847.0,797.267578125,142900
2022-12-15,697.0,741.0,697.0,722.0,679.6070556640625,839800
2022-12-16,722.0,739.0,720.0,729.0,686.196044921875,237200
2022-12-19,735.0,735.0,712.0,721.0,678.665771484375,180100
2022-12-20,721.0,722.0,685.0,691.0,650.42724609375,258300
2022-12-21,690.0,706.0,685.0,701.0,659.840087890625,98600
2022-12-22,705.0,727.0,705.0,723.0,680.54833984375,113700
2022-12-23,723.0,723.0,706.0,707.0,665.48779296875,94700
2022-12-26,701.0,702.0,692.0,693.0,652.3098754882812,72500
2022-12-27,693.0,702.0,691.0,695.0,654.1923828125,70800
2022-12-28,688.0,692.0,678.0,680.0,640.0731811523438,116900
2022-12-29,680.0,695.0,677.0,695.0,654.1923828125,88900
2022-12-30,700.0,716.0,700.0,712.0,670.1942138671875,81100
2023-01-04,709.0,711.0,700.0,706.0,664.5465087890625,53200
2023-01-05,704.0,716.0,702.0,705.0,663.605224609375,50700
2023-01-06,713.0,713.0,701.0,708.0,666.4291381835938,22800
2023-01-10,715.0,722.0,713.0,720.0,677.7244262695312,53500
2023-01-11,725.0,731.0,710.0,712.0,670.1942138671875,71500
2023-01-12,714.0,714.0,700.0,701.0,659.840087890625,46700
2023-01-13,703.0,708.0,693.0,696.0,655.1337280273438,69100
2023-01-16,691.0,700.0,688.0,693.0,652.3098754882812,32600
2023-01-17,693.0,707.0,693.0,703.0,661.7227172851562,38700
2023-01-18,705.0,723.0,700.0,722.0,679.6070556640625,78600
2023-01-19,715.0,729.0,715.0,722.0,679.6070556640625,57900
2023-01-20,720.0,732.0,717.0,725.0,682.4309692382812,69700
2023-01-23,735.0,742.0,732.0,735.0,691.84375,71500
2023-01-24,741.0,761.0,737.0,758.0,713.4932861328125,86700
2023-01-25,760.0,769.0,755.0,769.0,723.847412109375,57300
2023-01-26,770.0,780.0,759.0,763.0,718.19970703125,84700
2023-01-27,765.0,770.0,761.0,763.0,718.19970703125,36100
2023-01-30,761.0,783.0,761.0,770.0,724.7886962890625,144000
2023-01-31,772.0,776.0,742.0,751.0,706.904296875,79400
2023-02-01,761.0,778.0,758.0,764.0,719.1409912109375,71100
2023-02-02,775.0,775.0,761.0,766.0,721.0235595703125,39200
2023-02-03,770.0,779.0,766.0,769.0,723.847412109375,54400
2023-02-06,777.0,789.0,777.0,789.0,742.673095703125,47300
2023-02-07,788.0,807.0,788.0,805.0,757.733642578125,56600
2023-02-08,803.0,821.0,803.0,819.0,770.91162109375,63700
2023-02-09,824.0,835.0,814.0,829.0,780.324462890625,82200
2023-02-10,830.0,832.0,818.0,823.0,774.6767578125,52300
2023-02-13,822.0,827.0,804.0,808.0,760.5574951171875,60800
2023-02-14,812.0,818.0,794.0,800.0,753.0272216796875,57800
2023-02-15,800.0,817.0,797.0,817.0,769.029052734375,33600
2023-02-16,820.0,834.0,820.0,833.0,784.089599609375,41400
2023-02-17,830.0,830.0,812.0,814.0,766.2051391601562,29100
2023-02-20,814.0,843.0,814.0,840.0,790.6785888671875,51300
2023-02-21,843.0,844.0,832.0,837.0,787.854736328125,38300
2023-02-22,827.0,834.0,814.0,816.0,768.0877685546875,40600
2023-02-24,815.0,839.0,815.0,834.0,785.0309448242188,36300
2023-02-27,839.0,849.0,835.0,848.0,798.2088623046875,43000
2023-02-28,839.0,851.0,839.0,844.0,794.4437255859375,22000
2023-03-01,844.0,864.0,842.0,856.0,805.7391357421875,34900
2023-03-02,860.0,860.0,845.0,851.0,801.03271484375,23400
2023-03-03,857.0,867.0,854.0,859.0,808.5630493164062,50100
2023-03-06,869.0,870.0,861.0,868.0,817.0345458984375,37300
2023-03-07,870.0,880.0,868.0,870.0,818.9171142578125,44000
2023-03-08,868.0,876.0,864.0,869.0,817.975830078125,36400
2023-03-09,872.0,875.0,865.0,875.0,823.62353515625,28300
2023-03-10,869.0,874.0,855.0,855.0,804.7978515625,64800
2023-03-13,850.0,860.0,843.0,853.0,802.915283203125,51000
2023-03-14,845.0,848.0,830.0,836.0,786.9134521484375,54700
2023-03-15,846.0,858.0,846.0,853.0,802.915283203125,48000
2023-03-16,833.0,844.0,819.0,826.0,777.5006103515625,103700
2023-03-17,837.0,917.0,837.0,916.0,862.2161865234375,498000
2023-03-20,931.0,937.0,878.0,881.0,829.2713012695312,169500
2023-03-22,884.0,928.0,884.0,921.0,866.922607421875,137100
2023-03-23,918.0,952.0,913.0,952.0,896.1024169921875,98900
2023-03-24,946.0,950.0,932.0,945.0,889.5133666992188,59000
2023-03-27,931.0,949.0,928.0,941.0,885.748291015625,69400
2023-03-28,927.0,944.0,913.0,920.0,865.9813232421875,57300
2023-03-29,920.0,946.0,903.0,946.0,890.4546508789062,61100
2023-03-30,948.0,963.0,945.0,962.0,905.5151977539062,68300
2023-03-31,966.0,977.0,947.0,969.0,912.104248046875,77900
2023-04-03,984.0,1005.0,982.0,998.0,939.4014892578124,92200
2023-04-04,1010.0,1010.0,990.0,998.0,939.4014892578124,55600
2023-04-05,1000.0,1013.0,992.0,995.0,936.57763671875,44000
2023-04-06,992.0,993.0,965.0,965.0,908.3390502929688,98700
2023-04-07,966.0,982.0,951.0,976.0,918.6932373046876,66500
2023-04-10,980.0,995.0,975.0,982.0,924.3409423828124,63000
2023-04-11,994.0,1003.0,979.0,991.0,932.8125,70700
2023-04-12,997.0,1006.0,985.0,992.0,933.7537231445312,86700
2023-04-13,1001.0,1027.0,988.0,992.0,933.7537231445312,129400
2023-04-14,1000.0,1017.0,989.0,992.0,933.7537231445312,115800
2023-04-17,993.0,1005.0,987.0,992.0,933.7537231445312,91700
2023-04-18,1002.0,1004.0,987.0,989.0,930.929931640625,81300
2023-04-19,993.0,994.0,982.0,992.0,933.7537231445312,73300
2023-04-20,1020.0,1078.0,1020.0,1049.0,987.406982421875,361700
2023-04-21,1049.0,1049.0,1029.0,1038.0,977.0528564453124,161300
2023-04-24,1033.0,1048.0,1018.0,1018.0,958.2271118164062,113700
2023-04-25,1026.0,1029.0,1019.0,1023.0,962.9335327148438,68900
2023-04-26,1017.0,1029.0,1003.0,1015.0,955.4032592773438,225600
2023-04-27,1008.0,1011.0,982.0,995.0,957.8098754882812,145900
2023-04-28,994.0,995.0,980.0,980.0,943.3705444335938,61500
2023-05-01,976.0,996.0,936.0,949.0,913.5292358398438,123200
2023-05-02,949.0,965.0,917.0,959.0,923.1553955078124,137800
2023-05-08,959.0,982.0,957.0,979.0,942.4078979492188,68500
2023-05-09,981.0,997.0,980.0,991.0,953.9593505859376,70800
2023-05-10,998.0,1010.0,995.0,1008.0,970.323974609375,61300
2023-05-11,1010.0,1016.0,995.0,995.0,957.8098754882812,46800
2023-05-12,991.0,999.0,960.0,981.0,944.3331909179688,34300
2023-05-15,981.0,993.0,962.0,993.0,955.8846435546876,35700
2023-05-16,998.0,1004.0,986.0,998.0,960.69775390625,40100
2023-05-17,1000.0,1007.0,987.0,990.0,952.9967651367188,61000
2023-05-18,990.0,992.0,967.0,986.0,949.146240234375,50600
2023-05-19,986.0,990.0,978.0,987.0,950.10888671875,44100
2023-05-22,987.0,997.0,981.0,997.0,959.735107421875,45800
2023-05-23,993.0,997.0,938.0,949.0,913.5292358398438,98000
2023-05-24,945.0,955.0,929.0,942.0,906.7908325195312,69500
2023-05-25,943.0,943.0,925.0,935.0,900.052490234375,44200
2023-05-26,935.0,942.0,917.0,928.0,893.3141479492188,56700
2023-05-29,938.0,976.0,929.0,974.0,937.5947875976562,66100
2023-05-30,974.0,991.0,954.0,986.0,949.146240234375,65400
2023-05-31,980.0,980.0,945.0,953.0,917.3796997070312,46100
2023-06-01,957.0,957.0,937.0,944.0,908.7161254882812,46800
2023-06-02,944.0,977.0,941.0,969.0,932.7816162109376,72000
2023-06-05,980.0,986.0,970.0,977.0,940.482666015625,65100
2023-06-06,975.0,985.0,961.0,967.0,930.8563842773438,117700
2023-06-07,970.0,971.0,925.0,925.0,890.4262084960938,121600
2023-06-08,929.0,929.0,910.0,921.0,886.5757446289062,77600
2023-06-09,928.0,942.0,919.0,940.0,904.8656005859376,65100
2023-06-12,945.0,953.0,924.0,948.0,912.5665893554688,128200
2023-06-13,956.0,1005.0,947.0,983.0,946.2584228515624,215400
2023-06-14,1010.0,1070.0,1005.0,1051.0,1011.716796875,403000
2023-06-15,1201.0,1210.0,1106.0,1156.0,1112.792236328125,1362000
2023-06-16,1185.0,1188.0,1120.0,1132.0,1089.6893310546875,549600
2023-06-19,1132.0,1200.0,1112.0,1174.0,1130.119384765625,258200
2023-06-20,1145.0,1155.0,1100.0,1138.0,1095.4649658203125,267100
2023-06-21,1155.0,1170.0,1113.0,1118.0,1076.21240234375,134700
2023-06-22,1114.0,1138.0,1100.0,1107.0,1065.6236572265625,102700
2023-06-23,1118.0,1118.0,1061.0,1074.0,1033.8570556640625,178100
2023-06-26,1057.0,1075.0,1040.0,1065.0,1025.1934814453125,162500
2023-06-27,1054.0,1054.0,1025.0,1040.0,1001.1278686523438,126600
2023-06-28,1054.0,1060.0,1033.0,1048.0,1008.8289184570312,65500
2023-06-29,1053.0,1063.0,1041.0,1063.0,1023.2682495117188,89700
2023-06-30,1054.0,1058.0,1040.0,1053.0,1013.6419677734376,93800
2023-07-03,1054.0,1066.0,1035.0,1050.0,1010.7540893554688,92900
2023-07-04,1040.0,1074.0,1040.0,1065.0,1025.1934814453125,60000
2023-07-05,1052.0,1064.0,1037.0,1043.0,1004.0157470703124,49800
2023-07-06,1032.0,1033.0,993.0,1004.0,966.4734497070312,147900
2023-07-07,989.0,995.0,961.0,961.0,925.0806884765624,150000
2023-07-10,950.0,976.0,943.0,965.0,928.93115234375,95300
2023-07-11,973.0,976.0,959.0,963.0,927.0059204101562,116900
2023-07-12,963.0,963.0,939.0,950.0,914.4918212890624,86900
2023-07-13,945.0,957.0,934.0,957.0,921.2301635742188,65100
2023-07-14,945.0,956.0,920.0,922.0,887.5383911132812,187400
2023-07-18,978.0,1023.0,973.0,1015.0,977.0623168945312,325600
2023-07-19,1014.0,1014.0,980.0,992.0,954.9219970703124,131800
2023-07-20,992.0,1018.0,983.0,1008.0,970.323974609375,69200
2023-07-21,992.0,992.0,968.0,971.0,934.7069091796876,58900
2023-07-24,971.0,1010.0,971.0,1009.0,971.2865600585938,87700
2023-07-25,1009.0,1059.0,993.0,1053.0,1013.6419677734376,158000
2023-07-26,1060.0,1063.0,1033.0,1038.0,999.20263671875,86500
2023-07-27,1030.0,1044.0,1019.0,1041.0,1002.0905151367188,40200
2023-07-28,1030.0,1032.0,1010.0,1031.0,992.4642944335938,52700
2023-07-31,1036.0,1036.0,1014.0,1029.0,990.5390625,59300
2023-08-01,1029.0,1058.0,1028.0,1054.0,1014.6045532226562,59000
2023-08-02,1052.0,1064.0,1036.0,1036.0,997.2774047851562,68300
2023-08-03,1012.0,1037.0,1008.0,1023.0,984.7633056640624,54500
2023-08-04,1020.0,1036.0,1020.0,1032.0,993.4269409179688,26900
2023-08-07,1020.0,1063.0,1020.0,1062.0,1022.3056640625,27600
2023-08-08,1070.0,1075.0,1057.0,1064.0,1024.2308349609375,31800
2023-08-09,1064.0,1095.0,1061.0,1095.0,1054.072265625,48700
2023-08-10,1095.0,1107.0,1079.0,1084.0,1043.4832763671875,60400
2023-08-14,1084.0,1098.0,1066.0,1071.0,1030.9691162109375,56900
2023-08-15,1090.0,1102.0,1076.0,1090.0,1049.259033203125,36200
2023-08-16,1095.0,1107.0,1082.0,1098.0,1056.9599609375,69800
2023-08-17,1098.0,1098.0,1065.0,1085.0,1044.446044921875,34700
2023-08-18,1098.0,1099.0,1072.0,1076.0,1035.7823486328125,30800
2023-08-21,1065.0,1089.0,1065.0,1075.0,1034.8197021484375,21600
2023-08-22,1082.0,1082.0,1037.0,1046.0,1006.9036254882812,57100
2023-08-23,1035.0,1055.0,1031.0,1051.0,1011.716796875,28100
2023-08-24,1051.0,1077.0,1044.0,1074.0,1033.8570556640625,35800
2023-08-25,1065.0,1099.0,1057.0,1095.0,1054.072265625,45800
2023-08-28,1110.0,1122.0,1098.0,1122.0,1080.06298828125,48100
2023-08-29,1125.0,1143.0,1118.0,1138.0,1095.4649658203125,54200
2023-08-30,1145.0,1145.0,1115.0,1124.0,1081.9881591796875,37700
2023-08-31,1126.0,1137.0,1118.0,1124.0,1081.9881591796875,31200
2023-09-01,1125.0,1134.0,1120.0,1133.0,1090.65185546875,24200
2023-09-04,1138.0,1152.0,1134.0,1152.0,1108.941650390625,38500
2023-09-05,1147.0,1155.0,1135.0,1151.0,1107.97900390625,37000
2023-09-06,1150.0,1150.0,1136.0,1149.0,1106.0538330078125,22100
2023-09-07,1124.0,1129.0,1113.0,1123.0,1081.025634765625,48500
2023-09-08,1111.0,1129.0,1111.0,1113.0,1071.3994140625,41700
2023-09-11,1105.0,1112.0,1072.0,1082.0,1041.55810546875,58800
2023-09-12,1099.0,1123.0,1099.0,1116.0,1074.2872314453125,36600
2023-09-13,1110.0,1115.0,1087.0,1098.0,1056.9599609375,51300
2023-09-14,1110.0,1110.0,1041.0,1061.0,1021.3429565429688,155100
2023-09-15,905.0,908.0,850.0,880.0,847.1082153320312,665200
2023-09-19,895.0,926.0,880.0,925.0,890.4262084960938,278300
2023-09-20,925.0,952.0,906.0,948.0,912.5665893554688,198300
2023-09-21,929.0,932.0,897.0,909.0,875.0242919921875,165200
2023-09-22,895.0,913.0,886.0,899.0,865.3980712890625,136800
2023-09-25,899.0,941.0,891.0,930.0,895.2393798828125,197800
2023-09-26,920.0,941.0,910.0,911.0,876.9495239257812,150600
2023-09-27,909.0,918.0,892.0,914.0,879.83740234375,94100
2023-09-28,916.0,933.0,915.0,927.0,892.3515625,88000
2023-09-29,926.0,929.0,898.0,902.0,868.2859497070312,133500
2023-10-02,915.0,918.0,880.0,880.0,847.1082153320312,176100
2023-10-03,869.0,875.0,842.0,845.0,813.4164428710938,151600
2023-10-04,818.0,855.0,813.0,846.0,814.3790283203125,144100
2023-10-05,844.0,872.0,844.0,866.0,833.6314697265625,83200
2023-10-06,873.0,893.0,872.0,888.0,854.8092041015625,101600
2023-10-10,890.0,904.0,890.0,900.0,866.3606567382812,101300
2023-10-11,897.0,905.0,880.0,880.0,847.1082153320312,78200
2023-10-12,877.0,888.0,875.0,880.0,847.1082153320312,40300
2023-10-13,875.0,878.0,861.0,861.0,828.818359375,41300
2023-10-16,860.0,865.0,848.0,848.0,816.3043212890625,38300
2023-10-17,849.0,872.0,849.0,866.0,833.6314697265625,38300
2023-10-18,880.0,893.0,871.0,891.0,857.6970825195312,74500
2023-10-19,893.0,917.0,890.0,901.0,867.3233032226562,100500
2023-10-20,901.0,916.0,897.0,909.0,875.0242919921875,71600
2023-10-23,916.0,943.0,909.0,909.0,875.0242919921875,105600
2023-10-24,907.0,940.0,902.0,940.0,904.8656005859376,96600
2023-10-25,950.0,954.0,921.0,927.0,892.3515625,68400
2023-10-26,926.0,935.0,920.0,922.0,887.5383911132812,56200
2023-10-27,932.0,954.0,932.0,943.0,907.7534790039062,126700
2023-10-30,943.0,946.0,911.0,919.0,884.6505126953125,106900
2023-10-31,910.0,928.0,904.0,928.0,893.3141479492188,33900
2023-11-01,939.0,942.0,924.0,924.0,889.463623046875,47100
2023-11-02,924.0,948.0,922.0,948.0,912.5665893554688,36400
2023-11-06,952.0,975.0,952.0,964.0,927.968505859375,47900
2023-11-07,964.0,969.0,952.0,969.0,932.7816162109376,48500
2023-11-08,969.0,997.0,969.0,977.0,940.482666015625,57400
2023-11-09,970.0,981.0,966.0,981.0,944.3331909179688,23300
2023-11-10,980.0,983.0,965.0,980.0,943.3705444335938,28600
2023-11-13,980.0,989.0,971.0,981.0,944.3331909179688,29400
2023-11-14,989.0,989.0,970.0,975.0,938.5574340820312,24900
2023-11-15,990.0,1006.0,980.0,1004.0,966.4734497070312,57900
2023-11-16,999.0,1008.0,997.0,1006.0,968.398681640625,36400
2023-11-17,1006.0,1013.0,1000.0,1013.0,975.1370239257812,33700
2023-11-20,1020.0,1030.0,1016.0,1018.0,979.9501953125,55300
2023-11-21,1018.0,1027.0,1015.0,1015.0,977.0623168945312,48500
2023-11-22,1006.0,1040.0,1000.0,1030.0,991.501708984375,39500
2023-11-24,1040.0,1050.0,1034.0,1046.0,1006.9036254882812,42000
2023-11-27,1050.0,1058.0,1037.0,1046.0,1006.9036254882812,27800
2023-11-28,1045.0,1061.0,1045.0,1048.0,1008.8289184570312,20000
2023-11-29,1050.0,1055.0,1033.0,1035.0,996.3148193359376,17400
2023-11-30,1030.0,1030.0,1002.0,1014.0,976.0996704101562,58500
2023-12-01,1009.0,1009.0,983.0,991.0,953.9593505859376,44900
2023-12-04,982.0,1030.0,982.0,1018.0,979.9501953125,37700
2023-12-05,1018.0,1018.0,1001.0,1001.0,963.5855712890624,20100
2023-12-06,1004.0,1012.0,994.0,1001.0,963.5855712890624,43200
2023-12-07,986.0,1004.0,986.0,997.0,959.735107421875,26800
2023-12-08,987.0,996.0,962.0,968.0,931.8190307617188,29700
2023-12-11,978.0,1008.0,977.0,1000.0,962.6229858398438,40200
2023-12-12,1005.0,1010.0,973.0,979.0,942.4078979492188,29600
2023-12-13,982.0,987.0,966.0,973.0,936.6322021484376,40000
2023-12-14,970.0,980.0,949.0,955.0,919.304931640625,44800
2023-12-15,925.0,925.0,888.0,902.0,868.2859497070312,155200
2023-12-18,898.0,898.0,852.0,870.0,837.4819946289062,135700
2023-12-19,863.0,884.0,855.0,881.0,848.0708618164062,95800
2023-12-20,878.0,896.0,871.0,894.0,860.5849609375,97000
2023-12-21,879.0,899.0,877.0,899.0,865.3980712890625,68100
2023-12-22,929.0,937.0,918.0,926.0,891.388916015625,72800
2023-12-25,937.0,968.0,936.0,958.0,922.1928100585938,94700
2023-12-26,973.0,985.0,948.0,955.0,919.304931640625,62500
2023-12-27,950.0,985.0,950.0,983.0,946.2584228515624,66800
2023-12-28,979.0,1001.0,973.0,994.0,956.8472290039062,56000
2023-12-29,1000.0,1005.0,988.0,996.0,958.7724609375,61500
2024-01-04,994.0,1008.0,989.0,1008.0,970.323974609375,49200
2024-01-05,1003.0,1009.0,987.0,990.0,952.9967651367188,30100
2024-01-09,992.0,1005.0,988.0,992.0,954.9219970703124,69900
2024-01-10,995.0,1018.0,991.0,993.0,955.8846435546876,53800
2024-01-11,995.0,1004.0,989.0,1000.0,962.6229858398438,45800
2024-01-12,1007.0,1013.0,999.0,1004.0,966.4734497070312,79000
2024-01-15,1010.0,1022.0,1004.0,1006.0,968.398681640625,12600
2024-01-16,1008.0,1032.0,1007.0,1023.0,984.7633056640624,83700
2024-01-17,1035.0,1067.0,1035.0,1058.0,1018.4551391601562,90300
2024-01-18,1057.0,1074.0,1053.0,1065.0,1025.1934814453125,66500
2024-01-19,1060.0,1065.0,1039.0,1056.0,1016.5298461914062,58700
2024-01-22,1070.0,1097.0,1070.0,1090.0,1049.259033203125,82800
2024-01-23,1089.0,1094.0,1079.0,1093.0,1052.14697265625,53300
2024-01-24,1093.0,1106.0,1086.0,1098.0,1056.9599609375,49800
2024-01-25,1116.0,1132.0,1106.0,1131.0,1088.7265625,75000
2024-01-26,1132.0,1168.0,1125.0,1129.0,1086.8013916015625,74100
2024-01-29,1129.0,1139.0,1110.0,1125.0,1082.9508056640625,38000
2024-01-30,1122.0,1145.0,1122.0,1126.0,1083.9134521484375,158900
2024-01-31,1112.0,1112.0,1074.0,1090.0,1049.259033203125,43400
2024-02-01,1075.0,1101.0,1072.0,1095.0,1054.072265625,61500
2024-02-02,1090.0,1100.0,1080.0,1099.0,1057.9227294921875,38000
2024-02-05,1100.0,1104.0,1076.0,1091.0,1050.2216796875,37800
2024-02-06,1091.0,1097.0,1076.0,1097.0,1055.9974365234375,25400
2024-02-07,1089.0,1096.0,1061.0,1093.0,1052.14697265625,38500
2024-02-08,1080.0,1080.0,1057.0,1065.0,1025.1934814453125,57200
2024-02-09,1058.0,1075.0,1037.0,1039.0,1000.165283203125,63900
2024-02-13,1048.0,1063.0,1039.0,1057.0,1017.492431640625,52200
2024-02-14,1048.0,1064.0,1042.0,1054.0,1014.6045532226562,28200
2024-02-15,1083.0,1088.0,1063.0,1078.0,1037.7076416015625,46700
2024-02-16,1096.0,1115.0,1080.0,1113.0,1071.3994140625,65000
2024-02-19,1116.0,1125.0,1103.0,1116.0,1074.2872314453125,64100
2024-02-20,1122.0,1127.0,1090.0,1095.0,1054.072265625,68000
2024-02-21,1093.0,1103.0,1083.0,1092.0,1051.184326171875,20000
2024-02-22,1111.0,1120.0,1099.0,1101.0,1059.847900390625,39200
2024-02-26,1102.0,1115.0,1098.0,1107.0,1065.6236572265625,31300
2024-02-27,1107.0,1112.0,1097.0,1100.0,1058.88525390625,23400
2024-02-28,1085.0,1120.0,1085.0,1120.0,1078.1376953125,38500
2024-02-29,1120.0,1120.0,1098.0,1098.0,1056.9599609375,24500
2024-03-01,1098.0,1100.0,1041.0,1070.0,1030.006591796875,77200
2024-03-04,1085.0,1094.0,1063.0,1064.0,1024.2308349609375,158900
2024-03-05,1052.0,1085.0,1046.0,1067.0,1027.11865234375,30400
2024-03-06,1157.0,1173.0,1127.0,1147.0,1104.1285400390625,143900
2024-03-07,1142.0,1165.0,1121.0,1153.0,1109.904296875,49700
2024-03-08,1158.0,1175.0,1155.0,1174.0,1130.119384765625,57300
2024-03-11,1155.0,1155.0,1106.0,1118.0,1076.21240234375,61600
2024-03-12,1120.0,1158.0,1115.0,1158.0,1114.7174072265625,68100
2024-03-13,1170.0,1170.0,1129.0,1141.0,1098.352783203125,32400
2024-03-14,1140.0,1153.0,1137.0,1152.0,1108.941650390625,28200
2024-03-15,1152.0,1167.0,1106.0,1119.0,1077.1751708984375,91900
2024-03-18,1120.0,1241.0,1090.0,1205.0,1159.960693359375,512300
2024-03-19,1200.0,1320.0,1181.0,1314.0,1264.8865966796875,581700
2024-03-21,1284.0,1324.0,1252.0,1312.0,1262.96142578125,162900
2024-03-22,1306.0,1310.0,1214.0,1214.0,1168.624267578125,128000
2024-03-25,1221.0,1273.0,1221.0,1248.0,1201.353515625,83100
2024-03-26,1240.0,1274.0,1234.0,1270.0,1222.5311279296875,52200
2024-03-27,1277.0,1301.0,1265.0,1274.0,1226.3817138671875,105100
2024-03-28,1298.0,1316.0,1274.0,1282.0,1234.0826416015625,111800
2024-03-29,1302.0,1345.0,1302.0,1332.0,1282.2138671875,81000
2024-04-01,1343.0,1355.0,1315.0,1316.0,1266.8118896484375,63500
2024-04-02,1309.0,1310.0,1265.0,1266.0,1218.6806640625,67600
2024-04-03,1261.0,1280.0,1255.0,1267.0,1219.6434326171875,80600
2024-04-04,1274.0,1301.0,1255.0,1291.0,1242.746337890625,97200
2024-04-05,1270.0,1315.0,1232.0,1247.0,1200.390869140625,107400
2024-04-08,1240.0,1245.0,1159.0,1175.0,1131.08203125,269300
2024-04-09,1175.0,1177.0,1133.0,1144.0,1101.24072265625,161100
2024-04-10,1135.0,1174.0,1133.0,1143.0,1100.278076171875,104100
2024-04-11,1139.0,1190.0,1134.0,1184.0,1139.74560546875,83400
2024-04-12,1188.0,1196.0,1172.0,1183.0,1138.7830810546875,40100
2024-04-15,1180.0,1180.0,1153.0,1172.0,1128.194091796875,86600
2024-04-16,1169.0,1192.0,1167.0,1180.0,1135.8951416015625,60200
2024-04-17,1183.0,1185.0,1154.0,1156.0,1112.792236328125,72000
2024-04-18,1166.0,1216.0,1165.0,1209.0,1163.8111572265625,74700
2024-04-19,1191.0,1198.0,1164.0,1173.0,1129.15673828125,55700
2024-04-22,1178.0,1193.0,1177.0,1188.0,1143.5960693359375,31800
2024-04-23,1182.0,1182.0,1162.0,1168.0,1124.3436279296875,58100
2024-04-24,1170.0,1180.0,1165.0,1175.0,1131.08203125,31300
2024-04-25,1188.0,1190.0,1166.0,1171.0,1127.2314453125,220400
2024-04-26,1156.0,1164.0,1124.0,1163.0,1141.4630126953125,111900
2024-04-30,1153.0,1171.0,1151.0,1163.0,1141.4630126953125,39500
2024-05-01,1168.0,1173.0,1153.0,1158.0,1136.5555419921875,21300
2024-05-02,1160.0,1178.0,1154.0,1176.0,1154.2222900390625,40000
2024-05-07,1180.0,1218.0,1168.0,1218.0,1195.4444580078125,59800
2024-05-08,1219.0,1220.0,1191.0,1196.0,1173.851806640625,34300
2024-05-09,1198.0,1228.0,1190.0,1215.0,1192.5,35700
2024-05-10,1223.0,1243.0,1216.0,1238.0,1215.0740966796875,44300
2024-05-13,1235.0,1235.0,1210.0,1231.0,1208.2037353515625,18400
2024-05-14,1232.0,1251.0,1231.0,1242.0,1219.0,22300
2024-05-15,1250.0,1259.0,1237.0,1252.0,1228.8148193359375,23500
2024-05-16,1262.0,1278.0,1252.0,1270.0,1246.4814453125,22300
2024-05-17,1270.0,1270.0,1237.0,1242.0,1219.0,42400
2024-05-20,1234.0,1293.0,1228.0,1276.0,1252.370361328125,45500
2024-05-21,1273.0,1295.0,1244.0,1263.0,1239.611083984375,47800
2024-05-22,1267.0,1305.0,1267.0,1297.0,1272.9814453125,38800
2024-05-23,1299.0,1321.0,1295.0,1318.0,1293.5926513671875,35500
2024-05-24,1276.0,1308.0,1276.0,1288.0,1264.148193359375,25100
2024-05-27,1315.0,1322.0,1301.0,1310.0,1285.74072265625,23500
2024-05-28,1310.0,1318.0,1284.0,1296.0,1272.0,27800
2024-05-29,1293.0,1312.0,1280.0,1280.0,1256.2962646484375,16300
2024-05-30,1274.0,1310.0,1266.0,1302.0,1277.888916015625,24000
2024-05-31,1305.0,1313.0,1293.0,1313.0,1288.6851806640625,16500
2024-06-03,1294.0,1307.0,1288.0,1292.0,1268.0740966796875,12400
2024-06-04,1292.0,1299.0,1272.0,1278.0,1254.3333740234375,16800
2024-06-05,1277.0,1290.0,1268.0,1272.0,1248.4444580078125,17300
2024-06-06,1274.0,1284.0,1260.0,1277.0,1253.351806640625,49000
2024-06-07,1284.0,1335.0,1278.0,1335.0,1310.27783203125,75100
2024-06-10,1340.0,1394.0,1340.0,1356.0,1330.888916015625,76100
2024-06-11,1375.0,1399.0,1356.0,1377.0,1351.5,74100
2024-06-12,1360.0,1385.0,1350.0,1369.0,1343.648193359375,35300
2024-06-13,1386.0,1418.0,1366.0,1385.0,1359.351806640625,69300
2024-06-14,1390.0,1425.0,1387.0,1419.0,1392.7222900390625,138600
2024-06-17,1238.0,1238.0,1119.0,1130.0,1109.0740966796875,638700
2024-06-18,1105.0,1130.0,1100.0,1107.0,1086.5,116000
2024-06-19,1116.0,1131.0,1090.0,1097.0,1076.6851806640625,154400
2024-06-20,1115.0,1132.0,1108.0,1111.0,1090.4259033203125,74100
2024-06-21,1121.0,1146.0,1116.0,1117.0,1096.3148193359375,111200
2024-06-24,1118.0,1143.0,1103.0,1143.0,1121.8333740234375,84000
2024-06-25,1150.0,1184.0,1135.0,1164.0,1142.4444580078125,69200
2024-06-26,1163.0,1170.0,1153.0,1161.0,1139.5,31800
2024-06-27,1163.0,1180.0,1160.0,1160.0,1138.5185546875,28400
2024-06-28,1184.0,1184.0,1142.0,1148.0,1126.74072265625,39100
2024-07-01,1150.0,1150.0,1126.0,1130.0,1109.0740966796875,53400
2024-07-02,1133.0,1141.0,1112.0,1113.0,1092.388916015625,43700
2024-07-03,1113.0,1134.0,1113.0,1125.0,1104.1666259765625,37800
2024-07-04,1137.0,1139.0,1124.0,1128.0,1107.111083984375,32000
2024-07-05,1122.0,1135.0,1119.0,1123.0,1102.2037353515625,36300
2024-07-08,1114.0,1125.0,1093.0,1096.0,1075.7037353515625,68000
2024-07-09,1104.0,1148.0,1104.0,1140.0,1118.888916015625,80100
2024-07-10,1140.0,1147.0,1130.0,1138.0,1116.9259033203125,34700
2024-07-11,1150.0,1222.0,1150.0,1210.0,1187.5926513671875,137700
2024-07-12,1187.0,1246.0,1180.0,1182.0,1160.111083984375,126100
2024-07-16,1158.0,1184.0,1132.0,1141.0,1119.870361328125,58300
2024-07-17,1151.0,1156.0,1138.0,1144.0,1122.8148193359375,18200
2024-07-18,1144.0,1162.0,1143.0,1156.0,1134.5926513671875,23200
2024-07-19,1146.0,1180.0,1136.0,1173.0,1151.27783203125,41600
2024-07-22,1162.0,1162.0,1120.0,1127.0,1106.129638671875,41200
2024-07-23,1120.0,1131.0,1117.0,1124.0,1103.1851806640625,21000
2024-07-24,1135.0,1177.0,1125.0,1125.0,1104.1666259765625,70900
2024-07-25,1124.0,1134.0,1105.0,1111.0,1090.4259033203125,28700
2024-07-26,1117.0,1117.0,1097.0,1098.0,1077.6666259765625,22000
2024-07-29,1120.0,1123.0,1101.0,1120.0,1099.25927734375,31900
2024-07-30,1110.0,1119.0,1091.0,1115.0,1094.351806640625,36200
2024-07-31,1104.0,1140.0,1100.0,1140.0,1118.888916015625,24700
2024-08-01,1132.0,1141.0,1108.0,1115.0,1094.351806640625,22900
2024-08-02,1100.0,1103.0,1057.0,1057.0,1037.4259033203125,64200
2024-08-05,1020.0,1020.0,830.0,845.0,829.3518676757812,191700
2024-08-06,990.0,995.0,955.0,981.0,962.8333740234376,88100
2024-08-07,981.0,1056.0,981.0,1044.0,1024.6666259765625,55800
2024-08-08,1056.0,1077.0,1029.0,1044.0,1024.6666259765625,40700
2024-08-09,1050.0,1100.0,1050.0,1084.0,1063.9259033203125,54700
2024-08-13,1090.0,1094.0,1072.0,1087.0,1066.870361328125,20400
2024-08-14,1082.0,1095.0,1062.0,1081.0,1060.9814453125,32800
2024-08-15,1090.0,1097.0,1050.0,1080.0,1060.0,41500
2024-08-16,1083.0,1096.0,1062.0,1096.0,1075.7037353515625,42500
2024-08-19,1086.0,1086.0,1049.0,1064.0,1044.2962646484375,44000
2024-08-20,1064.0,1080.0,1059.0,1064.0,1044.2962646484375,35700
2024-08-21,1055.0,1076.0,1046.0,1075.0,1055.0926513671875,26000
2024-08-22,1076.0,1122.0,1075.0,1116.0,1095.3333740234375,20800
2024-08-23,1128.0,1135.0,1114.0,1122.0,1101.2222900390625,20900
2024-08-26,1158.0,1174.0,1141.0,1146.0,1124.77783203125,39200
2024-08-27,1146.0,1152.0,1137.0,1145.0,1123.7962646484375,15800
2024-08-28,1150.0,1159.0,1128.0,1132.0,1111.037109375,13900
2024-08-29,1140.0,1146.0,1127.0,1131.0,1110.0555419921875,24000
2024-08-30,1135.0,1155.0,1135.0,1155.0,1133.611083984375,30100
2024-09-02,1155.0,1157.0,1138.0,1153.0,1131.648193359375,13200
2024-09-03,1153.0,1160.0,1139.0,1149.0,1127.7222900390625,25500
2024-09-04,1140.0,1155.0,1117.0,1125.0,1104.1666259765625,32900
2024-09-05,1118.0,1158.0,1118.0,1138.0,1116.9259033203125,23900
2024-09-06,1145.0,1150.0,1117.0,1129.0,1108.0926513671875,21200
2024-09-09,1088.0,1134.0,1073.0,1103.0,1082.5740966796875,22800
2024-09-10,1120.0,1150.0,1106.0,1149.0,1127.7222900390625,31600
2024-09-11,1153.0,1157.0,1103.0,1108.0,1087.4814453125,37600
2024-09-12,1123.0,1152.0,1123.0,1147.0,1125.75927734375,32500
2024-09-13,1146.0,1160.0,1115.0,1131.0,1110.0555419921875,57900
2024-09-17,1063.0,1088.0,1009.0,1037.0,1017.7963256835938,125000
2024-09-18,1032.0,1032.0,993.0,1015.0,996.2037353515624,93500
2024-09-19,1027.0,1030.0,1005.0,1005.0,986.388916015625,56000
2024-09-20,1018.0,1021.0,1007.0,1016.0,997.1851806640624,44400
2024-09-24,1027.0,1045.0,1018.0,1032.0,1012.888916015625,25000
2024-09-25,1046.0,1048.0,1018.0,1019.0,1000.129638671875,28700
2024-09-26,1032.0,1075.0,1031.0,1075.0,1055.0926513671875,52800
2024-09-27,1075.0,1114.0,1067.0,1101.0,1080.611083984375,59000
2024-09-30,1071.0,1092.0,1053.0,1055.0,1035.4630126953125,189500
2024-10-01,1052.0,1063.0,1045.0,1047.0,1027.611083984375,37700
2024-10-02,1031.0,1052.0,1030.0,1046.0,1026.629638671875,49100
2024-10-03,1065.0,1065.0,1042.0,1042.0,1022.7037353515624,41200
2024-10-04,1042.0,1061.0,1042.0,1059.0,1039.388916015625,39800
2024-10-07,1074.0,1079.0,1065.0,1072.0,1052.148193359375,30500
2024-10-08,1061.0,1061.0,1037.0,1037.0,1017.7963256835938,51400
2024-10-09,1058.0,1065.0,1037.0,1045.0,1025.648193359375,38100
2024-10-10,1051.0,1064.0,1045.0,1047.0,1027.611083984375,28500
2024-10-11,1050.0,1053.0,1042.0,1043.0,1023.6851806640624,23900
2024-10-15,1057.0,1070.0,1054.0,1064.0,1044.2962646484375,45200
2024-10-16,1048.0,1073.0,1048.0,1060.0,1040.370361328125,18400
2024-10-17,1060.0,1063.0,1048.0,1048.0,1028.5926513671875,33200
2024-10-18,1048.0,1069.0,1048.0,1068.0,1048.2222900390625,38000
2024-10-21,1069.0,1086.0,1068.0,1073.0,1053.129638671875,32600
2024-10-22,1065.0,1067.0,1016.0,1023.0,1004.0555419921876,79200
2024-10-23,1014.0,1025.0,1006.0,1010.0,991.2963256835938,51900
2024-10-24,1001.0,1009.0,993.0,1000.0,981.4815063476562,68000
2024-10-25,1005.0,1011.0,993.0,995.0,976.5740966796876,60300
2024-10-28,995.0,1028.0,995.0,1025.0,1006.0185546875,115500
2024-10-29,1019.0,1022.0,1001.0,1007.0,988.3518676757812,169300
2024-10-30,1007.0,1020.0,998.0,1010.0,991.2963256835938,143200
2024-10-31,1012.0,1041.0,1012.0,1036.0,1016.8148193359376,51600
2024-11-01,1027.0,1056.0,1020.0,1052.0,1032.5185546875,166300
2024-11-05,1052.0,1058.0,1018.0,1023.0,1004.0555419921876,26000
2024-11-06,1042.0,1048.0,1024.0,1043.0,1023.6851806640624,25700
2024-11-07,1051.0,1081.0,1051.0,1076.0,1056.0740966796875,45800
2024-11-08,1080.0,1084.0,1070.0,1076.0,1056.0740966796875,21500
2024-11-11,1069.0,1086.0,1059.0,1086.0,1065.888916015625,13600
2024-11-12,1074.0,1098.0,1074.0,1081.0,1060.9814453125,34100
2024-11-13,1077.0,1077.0,1053.0,1056.0,1036.4444580078125,14900
2024-11-14,1067.0,1080.0,1059.0,1066.0,1046.25927734375,13200
2024-11-15,1080.0,1080.0,1066.0,1075.0,1055.0926513671875,9100
2024-11-18,1075.0,1086.0,1066.0,1068.0,1048.2222900390625,14600
2024-11-19,1071.0,1078.0,1070.0,1072.0,1052.148193359375,7100
2024-11-20,1073.0,1080.0,1069.0,1080.0,1060.0,7400
2024-11-21,1079.0,1089.0,1076.0,1076.0,1056.0740966796875,5800
2024-11-22,1082.0,1085.0,1064.0,1077.0,1057.0555419921875,15000
2024-11-25,1090.0,1090.0,1070.0,1072.0,1052.148193359375,8300
2024-11-26,1072.0,1084.0,1060.0,1072.0,1052.148193359375,13600
2024-11-27,1072.0,1072.0,1057.0,1064.0,1044.2962646484375,17000
2024-11-28,1060.0,1081.0,1060.0,1081.0,1060.9814453125,14800
2024-11-29,1065.0,1082.0,1060.0,1060.0,1040.370361328125,25000
2024-12-02,1083.0,1083.0,1062.0,1072.0,1052.148193359375,8200
2024-12-03,1084.0,1084.0,1061.0,1064.0,1044.2962646484375,14300
2024-12-04,1065.0,1075.0,1055.0,1062.0,1042.3333740234375,23800
2024-12-05,1074.0,1074.0,1061.0,1061.0,1041.351806640625,15000
2024-12-06,1061.0,1077.0,1061.0,1070.0,1050.1851806640625,8100
2024-12-09,1075.0,1080.0,1065.0,1067.0,1047.24072265625,13700
2024-12-10,1067.0,1068.0,1053.0,1060.0,1040.370361328125,21900
2024-12-11,1060.0,1060.0,1039.0,1039.0,1019.75927734375,16600
2024-12-12,1056.0,1060.0,1041.0,1043.0,1023.6851806640624,15300
2024-12-13,1043.0,1053.0,1040.0,1044.0,1024.6666259765625,20400
2024-12-16,1344.0,1344.0,1173.0,1293.0,1269.0555419921875,912100
2024-12-17,1252.0,1284.0,1204.0,1224.0,1201.3333740234375,215200
2024-12-18,1194.0,1270.0,1191.0,1260.0,1236.6666259765625,79600
2024-12-19,1200.0,1276.0,1198.0,1267.0,1243.537109375,61900
2024-12-20,1265.0,1415.0,1265.0,1371.0,1345.611083984375,265000
2024-12-23,1350.0,1358.0,1317.0,1319.0,1294.5740966796875,74200
2024-12-24,1322.0,1333.0,1306.0,1316.0,1291.629638671875,26500
2024-12-25,1346.0,1346.0,1319.0,1335.0,1310.27783203125,17500
2024-12-26,1337.0,1353.0,1324.0,1333.0,1308.3148193359375,32400
2024-12-27,1284.0,1330.0,1279.0,1294.0,1270.037109375,56300
2024-12-30,1299.0,1328.0,1254.0,1322.0,1297.5185546875,39100
2025-01-06,1322.0,1332.0,1277.0,1277.0,1253.351806640625,28800
2025-01-07,1277.0,1336.0,1277.0,1331.0,1306.351806640625,32100
2025-01-08,1320.0,1320.0,1287.0,1293.0,1269.0555419921875,23600
2025-01-09,1303.0,1309.0,1256.0,1270.0,1246.4814453125,40700
2025-01-10,1266.0,1299.0,1259.0,1270.0,1246.4814453125,18500
2025-01-14,1271.0,1315.0,1270.0,1302.0,1277.888916015625,33300
2025-01-15,1304.0,1313.0,1237.0,1252.0,1228.8148193359375,62200
2025-01-16,1259.0,1284.0,1244.0,1251.0,1227.8333740234375,29900
2025-01-17,1277.0,1285.0,1251.0,1261.0,1237.648193359375,20200
2025-01-20,1291.0,1318.0,1282.0,1283.0,1259.24072265625,30700
2025-01-21,1283.0,1317.0,1271.0,1307.0,1282.7962646484375,45800
2025-01-22,1310.0,1353.0,1305.0,1320.0,1295.5555419921875,45600
2025-01-23,1337.0,1337.0,1298.0,1309.0,1284.75927734375,16800
2025-01-24,1320.0,1329.0,1300.0,1314.0,1289.6666259765625,21100
2025-01-27,1327.0,1327.0,1300.0,1312.0,1287.7037353515625,30600
2025-01-28,1301.0,1329.0,1301.0,1319.0,1294.5740966796875,15000
2025-01-29,1330.0,1330.0,1313.0,1321.0,1296.537109375,27900
2025-01-30,1320.0,1320.0,1301.0,1301.0,1276.907470703125,103200
2025-01-31,1301.0,1310.0,1283.0,1305.0,1280.8333740234375,33100
2025-02-03,1303.0,1306.0,1279.0,1291.0,1267.0926513671875,48100
2025-02-04,1297.0,1299.0,1269.0,1271.0,1247.4630126953125,26300
2025-02-05,1282.0,1325.0,1269.0,1325.0,1300.4630126953125,34500
2025-02-06,1320.0,1325.0,1287.0,1310.0,1285.74072265625,25200
2025-02-07,1318.0,1318.0,1299.0,1300.0,1275.9259033203125,15200
2025-02-10,1311.0,1316.0,1299.0,1305.0,1280.8333740234375,14000
2025-02-12,1306.0,1322.0,1306.0,1310.0,1285.74072265625,13300
2025-02-13,1312.0,1323.0,1312.0,1322.0,1297.5185546875,7600
2025-02-14,1337.0,1348.0,1299.0,1300.0,1275.9259033203125,18300
2025-02-17,1320.0,1353.0,1308.0,1319.0,1294.5740966796875,45400
2025-02-18,1317.0,1326.0,1307.0,1314.0,1289.6666259765625,17000
2025-02-19,1321.0,1321.0,1303.0,1313.0,1288.6851806640625,11100
2025-02-20,1313.0,1315.0,1251.0,1267.0,1243.537109375,36500
2025-02-21,1267.0,1282.0,1260.0,1282.0,1258.25927734375,16000
2025-02-25,1252.0,1272.0,1244.0,1257.0,1233.7222900390625,43700
2025-02-26,1257.0,1282.0,1210.0,1279.0,1255.3148193359375,65600
2025-02-27,1289.0,1338.0,1289.0,1337.0,1312.24072265625,63500
2025-02-28,1337.0,1337.0,1306.0,1327.0,1302.4259033203125,52000
2025-03-03,1350.0,1391.0,1335.0,1363.0,1337.75927734375,51200
2025-03-04,1363.0,1388.0,1342.0,1357.0,1331.870361328125,47000
2025-03-05,1357.0,1378.0,1349.0,1370.0,1344.629638671875,18400
2025-03-06,1380.0,1380.0,1352.0,1377.0,1351.5,21500
2025-03-07,1377.0,1389.0,1355.0,1365.0,1339.7222900390625,38900
2025-03-10,1366.0,1367.0,1318.0,1324.0,1299.4814453125,47500
2025-03-11,1300.0,1322.0,1281.0,1319.0,1294.5740966796875,41100
2025-03-12,1319.0,1342.0,1314.0,1327.0,1302.4259033203125,22300
2025-03-13,1357.0,1370.0,1333.0,1347.0,1322.0555419921875,48700
2025-03-14,1344.0,1355.0,1307.0,1319.0,1294.5740966796875,99600
2025-03-17,1255.0,1291.0,1221.0,1272.0,1248.4444580078125,279200
2025-03-18,1305.0,1402.0,1288.0,1397.0,1371.129638671875,185400
2025-03-19,1405.0,1409.0,1352.0,1365.0,1339.7222900390625,72400
2025-03-21,1360.0,1360.0,1317.0,1332.0,1307.3333740234375,59500
2025-03-24,1325.0,1329.0,1302.0,1316.0,1291.629638671875,32400
2025-03-25,1330.0,1332.0,1311.0,1330.0,1305.370361328125,24100
2025-03-26,1337.0,1343.0,1289.0,1299.0,1274.9444580078125,135200
2025-03-27,1298.0,1337.0,1298.0,1332.0,1307.3333740234375,58500
2025-03-28,1320.0,1329.0,1299.0,1319.0,1294.5740966796875,39200
2025-03-31,1301.0,1304.0,1253.0,1254.0,1230.77783203125,81900
2025-04-01,1261.0,1268.0,1232.0,1232.0,1209.1851806640625,58600
2025-04-02,1247.0,1248.0,1210.0,1239.0,1216.0555419921875,89500
2025-04-03,1170.0,1219.0,1162.0,1181.0,1159.129638671875,96500
2025-04-04,1151.0,1157.0,1030.0,1085.0,1064.907470703125,225700
2025-04-07,905.0,1017.0,905.0,944.0,926.5185546875,186000
2025-04-08,1001.0,1065.0,997.0,1035.0,1015.8333740234376,152100
2025-04-09,1023.0,1043.0,999.0,1025.0,1006.0185546875,85500
2025-04-10,1155.0,1155.0,1103.0,1122.0,1101.2222900390625,102900
2025-04-11,1067.0,1141.0,1066.0,1134.0,1113.0,72800
2025-04-14,1144.0,1158.0,1136.0,1136.0,1114.9630126953125,51800
2025-04-15,1147.0,1155.0,1122.0,1122.0,1101.2222900390625,37800
2025-04-16,1133.0,1207.0,1112.0,1167.0,1145.388916015625,262200
2025-04-17,1177.0,1190.0,1135.0,1180.0,1158.148193359375,224600
2025-04-18,1184.0,1228.0,1175.0,1220.0,1197.407470703125,128400
2025-04-21,1216.0,1236.0,1206.0,1208.0,1185.629638671875,78600
2025-04-22,1200.0,1222.0,1194.0,1206.0,1183.6666259765625,63500
2025-04-23,1222.0,1236.0,1205.0,1232.0,1209.1851806640625,109200
2025-04-24,1245.0,1276.0,1230.0,1239.0,1216.0555419921875,78600
2025-04-25,1239.0,1242.0,1205.0,1215.0,1192.5,281800
2025-04-28,1201.0,1253.0,1190.0,1209.0,1209.0,215500
2025-04-30,1209.0,1304.0,1179.0,1196.0,1196.0,243100
2025-05-01,1194.0,1248.0,1133.0,1134.0,1134.0,343300
2025-05-02,1137.0,1169.0,1115.0,1147.0,1147.0,138500
2025-05-07,1142.0,1184.0,1137.0,1175.0,1175.0,99100
2025-05-08,1175.0,1193.0,1168.0,1179.0,1179.0,90900
2025-05-09,1192.0,1248.0,1190.0,1235.0,1235.0,83100
2025-05-12,1235.0,1261.0,1235.0,1250.0,1250.0,43000
2025-05-13,1269.0,1270.0,1244.0,1246.0,1246.0,47900
2025-05-14,1248.0,1248.0,1201.0,1208.0,1208.0,62500
2025-05-15,1199.0,1223.0,1181.0,1196.0,1196.0,60900
2025-05-16,1200.0,1263.0,1200.0,1256.0,1256.0,72000
2025-05-19,1267.0,1299.0,1267.0,1272.0,1272.0,66200
2025-05-20,1287.0,1302.0,1272.0,1293.0,1293.0,63800
2025-05-21,1323.0,1336.0,1298.0,1309.0,1309.0,68100
2025-05-22,1321.0,1342.0,1292.0,1315.0,1315.0,69300
2025-05-23,1364.0,1391.0,1352.0,1352.0,1352.0,86600
2025-05-26,1356.0,1356.0,1319.0,1325.0,1325.0,30700
2025-05-27,1353.0,1380.0,1343.0,1370.0,1370.0,48400
2025-05-28,1387.0,1387.0,1334.0,1348.0,1348.0,63700
2025-05-29,1359.0,1360.0,1307.0,1321.0,1321.0,76200
2025-05-30,1300.0,1332.0,1295.0,1309.0,1309.0,40700
2025-06-02,1328.0,1376.0,1326.0,1374.0,1374.0,60200
2025-06-03,1380.0,1407.0,1374.0,1401.0,1401.0,63900
2025-06-04,1408.0,1412.0,1373.0,1383.0,1383.0,43400
2025-06-05,1383.0,1397.0,1370.0,1383.0,1383.0,37000
2025-06-06,1390.0,1448.0,1381.0,1442.0,1442.0,96800
2025-06-09,1465.0,1490.0,1437.0,1455.0,1455.0,99000
2025-06-10,1455.0,1498.0,1455.0,1469.0,1469.0,67200
2025-06-11,1483.0,1490.0,1471.0,1490.0,1490.0,36000
2025-06-12,1492.0,1519.0,1472.0,1508.0,1508.0,100200
2025-06-13,1483.0,1514.0,1454.0,1470.0,1470.0,152300
2025-06-16,1290.0,1309.0,1247.0,1282.0,1282.0,579800
2025-06-17,1276.0,1277.0,1232.0,1239.0,1239.0,246900
2025-06-18,1238.0,1251.0,1235.0,1238.0,1238.0,77400
2025-06-19,1243.0,1266.0,1240.0,1248.0,1248.0,67300
2025-06-20,1246.0,1260.0,1238.0,1248.0,1248.0,69800
2025-06-23,1254.0,1271.0,1242.0,1245.0,1245.0,75800
2025-06-24,1263.0,1263.0,1243.0,1243.0,1243.0,31100
2025-06-25,1243.0,1248.0,1230.0,1240.0,1240.0,87400
2025-06-26,1244.0,1266.0,1239.0,1239.0,1239.0,47800
2025-06-27,1255.0,1258.0,1219.0,1225.0,1225.0,72900
2025-06-30,1225.0,1255.0,1225.0,1238.0,1238.0,50200
2025-07-01,1245.0,1245.0,1185.0,1203.0,1203.0,94500
2025-07-02,1197.0,1212.0,1188.0,1205.0,1205.0,83800
2025-07-03,1195.0,1234.0,1195.0,1220.0,1220.0,86100
2025-07-04,1229.0,1255.0,1215.0,1243.0,1243.0,83800
2025-07-07,1245.0,1257.0,1244.0,1245.0,1245.0,30400
2025-07-08,1252.0,1252.0,1227.0,1244.0,1244.0,40800
2025-07-09,1245.0,1245.0,1220.0,1238.0,1238.0,91700
2025-07-10,1249.0,1252.0,1226.0,1239.0,1239.0,57100
2025-07-11,1235.0,1245.0,1195.0,1216.0,1216.0,98900
2025-07-14,1213.0,1231.0,1210.0,1223.0,1223.0,57600
2025-07-15,1220.0,1230.0,1194.0,1194.0,1194.0,46400
2025-07-16,1196.0,1207.0,1193.0,1198.0,1198.0,53500
2025-07-17,1194.0,1224.0,1194.0,1215.0,1215.0,43800
2025-07-18,1203.0,1212.0,1195.0,1212.0,1212.0,48500
2025-07-22,1210.0,1220.0,1208.0,1220.0,1220.0,69100
2025-07-23,1213.0,1223.0,1205.0,1217.0,1217.0,51000
2025-07-24,1221.0,1231.0,1215.0,1229.0,1229.0,56700
2025-07-25,1235.0,1257.0,1217.0,1250.0,1250.0,86300
2025-07-28,1258.0,1268.0,1242.0,1245.0,1245.0,36500
2025-07-29,1249.0,1262.0,1247.0,1252.0,1252.0,29600
2025-07-30,1246.0,1266.0,1246.0,1264.0,1264.0,32700
2025-07-31,1265.0,1275.0,1265.0,1272.0,1272.0,25700
2025-08-01,1278.0,1325.0,1277.0,1318.0,1318.0,69300
2025-08-04,1306.0,1367.0,1301.0,1354.0,1354.0,76700
2025-08-05,1370.0,1370.0,1318.0,1328.0,1328.0,37700
2025-08-06,1345.0,1345.0,1328.0,1332.0,1332.0,21600
2025-08-07,1348.0,1369.0,1341.0,1346.0,1346.0,29200
2025-08-08,1328.0,1348.0,1312.0,1345.0,1345.0,29400
2025-08-12,1345.0,1349.0,1317.0,1327.0,1327.0,39100
2025-08-13,1315.0,1335.0,1308.0,1317.0,1317.0,44200
2025-08-14,1314.0,1324.0,1300.0,1315.0,1315.0,39200
2025-08-15,1317.0,1332.0,1306.0,1317.0,1317.0,33400
2025-08-18,1330.0,1335.0,1308.0,1316.0,1316.0,78200
2025-08-19,1316.0,1347.0,1307.0,1318.0,1318.0,94800
2025-08-20,1307.0,1336.0,1307.0,1320.0,1320.0,52000
2025-08-21,1330.0,1331.0,1308.0,1310.0,1310.0,43000
2025-08-22,1323.0,1323.0,1305.0,1314.0,1314.0,27200
2025-08-25,1330.0,1339.0,1316.0,1331.0,1331.0,24500
2025-08-26,1325.0,1342.0,1319.0,1330.0,1330.0,30200
2025-08-27,1333.0,1352.0,1319.0,1350.0,1350.0,61100
2025-08-28,1350.0,1365.0,1343.0,1364.0,1364.0,52400
2025-08-29,1364.0,1369.0,1344.0,1355.0,1355.0,37400
2025-09-01,1357.0,1397.0,1341.0,1387.0,1387.0,65500
2025-09-02,1412.0,1423.0,1386.0,1401.0,1401.0,46100
2025-09-03,1405.0,1411.0,1392.0,1398.0,1398.0,43700
2025-09-04,1399.0,1401.0,1366.0,1384.0,1384.0,33800
2025-09-05,1371.0,1389.0,1358.0,1375.0,1375.0,34000
2025-09-08,1379.0,1396.0,1372.0,1377.0,1377.0,52400
2025-09-09,1389.0,1454.0,1384.0,1451.0,1451.0,94800
2025-09-10,1473.0,1485.0,1447.0,1450.0,1450.0,48800
2025-09-11,1451.0,1473.0,1449.0,1469.0,1469.0,50100
2025-09-12,1451.0,1474.0,1437.0,1453.0,1453.0,97600
2025-09-16,1363.0,1413.0,1286.0,1355.0,1355.0,263700
2025-09-17,1347.0,1417.0,1347.0,1371.0,1371.0,99500
2025-09-18,1343.0,1394.0,1343.0,1354.0,1354.0,86900
2025-09-19,1360.0,1421.0,1360.0,1421.0,1421.0,70100
2025-09-22,1401.0,1440.0,1375.0,1424.0,1424.0,78000
2025-09-24,1445.0,1455.0,1427.0,1449.0,1449.0,55400
2025-09-25,1449.0,1472.0,1432.0,1466.0,1466.0,44300
2025-09-26,1473.0,1477.0,1453.0,1471.0,1471.0,37900
2025-09-29,1461.0,1479.0,1423.0,1452.0,1452.0,49100
2025-09-30,1451.0,1462.0,1421.0,1421.0,1421.0,43900
2025-10-01,1399.0,1410.0,1293.0,1300.0,1300.0,194900
2025-10-02,1302.0,1307.0,1239.0,1254.0,1254.0,158000
2025-10-03,1250.0,1316.0,1250.0,1310.0,1310.0,110000
2025-10-06,1321.0,1353.0,1310.0,1317.0,1317.0,72000
2025-10-07,1347.0,1347.0,1292.0,1310.0,1310.0,49300
2025-10-08,1309.0,1318.0,1279.0,1279.0,1279.0,62900
2025-10-09,1265.0,1275.0,1253.0,1255.0,1255.0,74800
2025-10-10,1253.0,1269.0,1235.0,1243.0,1243.0,56200
2025-10-14,1213.0,1232.0,1190.0,1202.0,1202.0,225500
2025-10-15,1205.0,1227.0,1205.0,1208.0,1208.0,53300
2025-10-16,1268.0,1290.0,1253.0,1265.0,1265.0,89800
2025-10-17,1316.0,1316.0,1270.0,1283.0,1283.0,106800
2025-10-20,1308.0,1310.0,1265.0,1276.0,1276.0,83900
2025-10-21,1246.0,1274.0,1242.0,1266.0,1266.0,125200
2025-10-22,1286.0,1344.0,1281.0,1342.0,1342.0,68700
2025-10-23,1342.0,1366.0,1332.0,1340.0,1340.0,67600
2025-10-24,1340.0,1367.0,1324.0,1365.0,1365.0,95800
2025-10-27,1366.0,1410.0,1365.0,1397.0,1397.0,110000
2025-10-28,1386.0,1386.0,1317.0,1317.0,1317.0,98800
2025-10-29,1317.0,1351.0,1307.0,1347.0,1347.0,205700
2025-10-30,547.0,587.0,515.0,571.0,571.0,900700
2025-10-31,581.0,584.0,519.0,519.0,519.0,551900
2025-11-04,522.0,555.0,511.0,511.0,511.0,441000
2025-11-05,512.0,521.0,498.0,515.0,515.0,257200
2025-11-06,500.0,501.0,485.0,494.0,494.0,302400
2025-11-07,496.0,511.0,496.0,504.0,504.0,106000
2025-11-10,522.0,550.0,518.0,533.0,533.0,173100
2025-11-11,533.0,536.0,515.0,533.0,533.0,89700
2025-11-12,533.0,551.0,528.0,535.0,535.0,108000
2025-11-13,545.0,557.0,544.0,553.0,553.0,74700
2025-11-14,557.0,565.0,549.0,554.0,554.0,172900
2025-11-17,554.0,554.0,537.0,537.0,537.0,49300
2025-11-18,537.0,537.0,510.0,514.0,514.0,166700
2025-11-19,514.0,529.0,514.0,516.0,516.0,86100
2025-11-20,530.0,533.0,521.0,522.0,522.0,34800
2025-11-21,522.0,537.0,522.0,533.0,533.0,78300
2025-11-25,530.0,530.0,507.0,511.0,511.0,115900
2025-11-26,520.0,520.0,512.0,517.0,517.0,44700
2025-11-27,518.0,521.0,512.0,519.0,519.0,111800
2025-11-28,513.0,518.0,511.0,513.0,513.0,78000
2025-12-01,518.0,518.0,498.0,499.0,499.0,158200
2025-12-02,500.0,508.0,500.0,504.0,504.0,84600
2025-12-03,502.0,511.0,498.0,498.0,498.0,78400
2025-12-04,499.0,510.0,499.0,507.0,507.0,123900
2025-12-05,507.0,507.0,499.0,499.0,499.0,81200
2025-12-08,507.0,530.0,506.0,528.0,528.0,145000
2025-12-09,537.0,567.0,533.0,539.0,539.0,249700
2025-12-10,539.0,543.0,529.0,533.0,533.0,77000
2025-12-11,549.0,549.0,528.0,535.0,535.0,79400
2025-12-12,535.0,538.0,523.0,528.0,528.0,84200
2025-12-15,530.0,543.0,520.0,523.0,523.0,165000
2025-12-16,485.0,491.0,440.0,445.0,445.0,612900
2025-12-17,445.0,462.0,437.0,439.0,439.0,495000
2025-12-18,439.0,464.0,438.0,455.0,455.0,460900
2025-12-19,476.0,492.0,470.0,487.0,487.0,310900
2025-12-22,485.0,492.0,451.0,455.0,455.0,224800
2025-12-23,455.0,463.0,455.0,463.0,463.0,75300
2025-12-24,467.0,484.0,467.0,475.0,475.0,140200
2025-12-25,476.0,481.0,468.0,477.0,477.0,96300
2025-12-26,482.0,483.0,475.0,481.0,481.0,56200
2025-12-29,485.0,485.0,470.0,474.0,474.0,72900
2025-12-30,475.0,484.0,473.0,478.0,478.0,54900
2026-01-05,478.0,484.0,472.0,473.0,473.0,94700
2026-01-06,472.0,493.0,472.0,492.0,492.0,65200
2026-01-07,490.0,491.0,477.0,484.0,484.0,137100
2026-01-08,492.0,492.0,485.0,489.0,489.0,55500
2026-01-09,486.0,490.0,477.0,481.0,481.0,114200
2026-01-13,485.0,485.0,472.0,475.0,475.0,153200
2026-01-14,475.0,480.0,472.0,475.0,475.0,92900
2026-01-15,475.0,483.0,474.0,481.0,481.0,204700
2026-01-16,480.0,483.0,477.0,478.0,478.0,79200
2026-01-19,480.0,481.0,475.0,479.0,479.0,107200
2026-01-20,482.0,486.0,478.0,481.0,481.0,134200
2026-01-21,484.0,489.0,480.0,481.0,481.0,81900
2026-01-22,483.0,486.0,477.0,478.0,478.0,66300
2026-01-23,485.0,485.0,476.0,481.0,481.0,56600
2026-01-26,484.0,484.0,475.0,480.0,480.0,88100
2026-01-27,479.0,479.0,474.0,476.0,476.0,67100
2026-01-28,480.0,480.0,471.0,476.0,476.0,101900
2026-01-29,480.0,480.0,473.0,480.0,480.0,63600
2026-01-30,473.0,478.0,473.0,478.0,478.0,73600
2026-02-02,480.0,480.0,464.0,465.0,465.0,135300
2026-02-03,469.0,472.0,461.0,471.0,471.0,89100
2026-02-04,472.0,478.0,470.0,478.0,478.0,59400
2026-02-05,478.0,487.0,478.0,484.0,484.0,77700
2026-02-06,487.0,487.0,478.0,484.0,484.0,82700
2026-02-09,489.0,491.0,480.0,481.0,481.0,80800
2026-02-10,487.0,491.0,484.0,488.0,488.0,73300
2026-02-12,493.0,493.0,485.0,488.0,488.0,67700
2026-02-13,489.0,492.0,480.0,481.0,481.0,75600
2026-02-16,488.0,488.0,479.0,481.0,481.0,74300
2026-02-17,480.0,480.0,476.0,478.0,478.0,68600
2026-02-18,480.0,481.0,474.0,475.0,475.0,64100
2026-02-19,475.0,476.0,466.0,472.0,472.0,119200
2026-02-20,472.0,472.0,465.0,469.0,469.0,86800
2026-02-24,479.0,513.0,474.0,509.0,509.0,252600
2026-02-25,506.0,507.0,485.0,500.0,500.0,200800
2026-02-26,500.0,503.0,492.0,495.0,495.0,124000
2026-02-27,503.0,518.0,500.0,518.0,518.0,159200
2026-03-02,511.0,513.0,502.0,505.0,505.0,109000
2026-03-03,512.0,512.0,493.0,493.0,493.0,117100
2026-03-04,485.0,490.0,480.0,486.0,486.0,223300
2026-03-05,496.0,513.0,496.0,504.0,504.0,123200
2026-03-06,502.0,506.0,495.0,503.0,503.0,119900
